
> drug-adverse-events-dashboard@0.1.0 start
> react-scripts start

Starting the development server...

Compiled successfully!

You can now view drug-adverse-events-dashboard in the browser.

  Local:            http://localhost:3000
  On Your Network:  http://10.0.0.46:3000

Note that the development build is not optimized.
To create a production build, use npm run build.

webpack compiled successfully
Compiling...
Compiled successfully!
webpack compiled successfully
Compiling...
Compiled successfully!
webpack compiled successfully
Compiling...
Compiled successfully!
webpack compiled successfully
Compiling...
Compiled successfully!
webpack compiled successfully
Compiling...
Compiled with warnings.

[eslint] 
src/App.js
  Line 30:6:  React Hook useEffect has a missing dependency: 'fetchEvents'. Either include it or remove the dependency array  react-hooks/exhaustive-deps

Search for the keywords to learn more about each warning.
To ignore, add // eslint-disable-next-line to the line before.

WARNING in [eslint] 
src/App.js
  Line 30:6:  React Hook useEffect has a missing dependency: 'fetchEvents'. Either include it or remove the dependency array  react-hooks/exhaustive-deps

webpack compiled with 1 warning
Compiling...
Compiled with warnings.

[eslint] 
src/App.js
  Line 30:6:  React Hook useEffect has a missing dependency: 'fetchEvents'. Either include it or remove the dependency array  react-hooks/exhaustive-deps

Search for the keywords to learn more about each warning.
To ignore, add // eslint-disable-next-line to the line before.

WARNING in [eslint] 
src/App.js
  Line 30:6:  React Hook useEffect has a missing dependency: 'fetchEvents'. Either include it or remove the dependency array  react-hooks/exhaustive-deps

webpack compiled with 1 warning
Compiling...
Compiled with warnings.

[eslint] 
src/App.js
  Line 30:6:  React Hook useEffect has a missing dependency: 'fetchEvents'. Either include it or remove the dependency array  react-hooks/exhaustive-deps

Search for the keywords to learn more about each warning.
To ignore, add // eslint-disable-next-line to the line before.

WARNING in [eslint] 
src/App.js
  Line 30:6:  React Hook useEffect has a missing dependency: 'fetchEvents'. Either include it or remove the dependency array  react-hooks/exhaustive-deps

webpack compiled with 1 warning
Compiling...
Compiled with warnings.

[eslint] 
src/App.js
  Line 30:6:  React Hook useEffect has a missing dependency: 'fetchEvents'. Either include it or remove the dependency array  react-hooks/exhaustive-deps

Search for the keywords to learn more about each warning.
To ignore, add // eslint-disable-next-line to the line before.

WARNING in [eslint] 
src/App.js
  Line 30:6:  React Hook useEffect has a missing dependency: 'fetchEvents'. Either include it or remove the dependency array  react-hooks/exhaustive-deps

webpack compiled with 1 warning
Compiling...
Failed to compile.

Module not found: Error: Can't resolve 'papaparse' in '/Users/zhaoqianxue/Desktop/RA/ETL/frontend/src'
WARNING in [eslint] 
src/App.js
  Line 31:6:  React Hook useEffect has a missing dependency: 'fetchEvents'. Either include it or remove the dependency array  react-hooks/exhaustive-deps

ERROR in ./src/App.js 10:0-29
Module not found: Error: Can't resolve 'papaparse' in '/Users/zhaoqianxue/Desktop/RA/ETL/frontend/src'

webpack compiled with 1 error and 1 warning
Compiling...
Compiled with warnings.

[eslint] 
src/App.js
  Line 31:6:  React Hook useEffect has a missing dependency: 'fetchEvents'. Either include it or remove the dependency array  react-hooks/exhaustive-deps

Search for the keywords to learn more about each warning.
To ignore, add // eslint-disable-next-line to the line before.

WARNING in [eslint] 
src/App.js
  Line 31:6:  React Hook useEffect has a missing dependency: 'fetchEvents'. Either include it or remove the dependency array  react-hooks/exhaustive-deps

webpack compiled with 1 warning
Compiling...
Compiled with warnings.

[eslint] 
src/App.js
  Line 31:6:  React Hook useEffect has a missing dependency: 'fetchEvents'. Either include it or remove the dependency array  react-hooks/exhaustive-deps

Search for the keywords to learn more about each warning.
To ignore, add // eslint-disable-next-line to the line before.

WARNING in [eslint] 
src/App.js
  Line 31:6:  React Hook useEffect has a missing dependency: 'fetchEvents'. Either include it or remove the dependency array  react-hooks/exhaustive-deps

webpack compiled with 1 warning
Compiling...
Compiled with warnings.

[eslint] 
src/App.js
  Line 31:6:  React Hook useEffect has a missing dependency: 'fetchEvents'. Either include it or remove the dependency array  react-hooks/exhaustive-deps

src/components/Filter.js
  Line 23:6:  React Hook useEffect has a missing dependency: 'onFilterChange'. Either include it or remove the dependency array. If 'onFilterChange' changes too often, find the parent component that defines it and wrap that definition in useCallback  react-hooks/exhaustive-deps

Search for the keywords to learn more about each warning.
To ignore, add // eslint-disable-next-line to the line before.

WARNING in [eslint] 
src/App.js
  Line 31:6:  React Hook useEffect has a missing dependency: 'fetchEvents'. Either include it or remove the dependency array  react-hooks/exhaustive-deps

src/components/Filter.js
  Line 23:6:  React Hook useEffect has a missing dependency: 'onFilterChange'. Either include it or remove the dependency array. If 'onFilterChange' changes too often, find the parent component that defines it and wrap that definition in useCallback  react-hooks/exhaustive-deps

webpack compiled with 1 warning
Compiling...
Compiled with warnings.

[eslint] 
src/App.js
  Line 31:6:  React Hook useEffect has a missing dependency: 'fetchEvents'. Either include it or remove the dependency array  react-hooks/exhaustive-deps

src/components/Filter.js
  Line 23:6:  React Hook useEffect has a missing dependency: 'onFilterChange'. Either include it or remove the dependency array. If 'onFilterChange' changes too often, find the parent component that defines it and wrap that definition in useCallback  react-hooks/exhaustive-deps

Search for the keywords to learn more about each warning.
To ignore, add // eslint-disable-next-line to the line before.

WARNING in [eslint] 
src/App.js
  Line 31:6:  React Hook useEffect has a missing dependency: 'fetchEvents'. Either include it or remove the dependency array  react-hooks/exhaustive-deps

src/components/Filter.js
  Line 23:6:  React Hook useEffect has a missing dependency: 'onFilterChange'. Either include it or remove the dependency array. If 'onFilterChange' changes too often, find the parent component that defines it and wrap that definition in useCallback  react-hooks/exhaustive-deps

webpack compiled with 1 warning
Compiling...
Compiled with warnings.

[eslint] 
src/App.js
  Line 31:6:  React Hook useEffect has a missing dependency: 'fetchEvents'. Either include it or remove the dependency array  react-hooks/exhaustive-deps

src/components/Filter.js
  Line 23:6:  React Hook useEffect has a missing dependency: 'onFilterChange'. Either include it or remove the dependency array. If 'onFilterChange' changes too often, find the parent component that defines it and wrap that definition in useCallback  react-hooks/exhaustive-deps

Search for the keywords to learn more about each warning.
To ignore, add // eslint-disable-next-line to the line before.

WARNING in [eslint] 
src/App.js
  Line 31:6:  React Hook useEffect has a missing dependency: 'fetchEvents'. Either include it or remove the dependency array  react-hooks/exhaustive-deps

src/components/Filter.js
  Line 23:6:  React Hook useEffect has a missing dependency: 'onFilterChange'. Either include it or remove the dependency array. If 'onFilterChange' changes too often, find the parent component that defines it and wrap that definition in useCallback  react-hooks/exhaustive-deps

webpack compiled with 1 warning
Compiling...
Compiled with warnings.

[eslint] 
src/App.js
  Line 31:6:  React Hook useEffect has a missing dependency: 'fetchEvents'. Either include it or remove the dependency array  react-hooks/exhaustive-deps

src/components/Filter.js
  Line 1:17:  'useState' is defined but never used   no-unused-vars
  Line 1:27:  'useEffect' is defined but never used  no-unused-vars

Search for the keywords to learn more about each warning.
To ignore, add // eslint-disable-next-line to the line before.

WARNING in [eslint] 
src/App.js
  Line 31:6:  React Hook useEffect has a missing dependency: 'fetchEvents'. Either include it or remove the dependency array  react-hooks/exhaustive-deps

src/components/Filter.js
  Line 1:17:  'useState' is defined but never used   no-unused-vars
  Line 1:27:  'useEffect' is defined but never used  no-unused-vars

webpack compiled with 1 warning
Compiling...
Compiled with warnings.

[eslint] 
src/App.js
  Line 31:6:  React Hook useEffect has a missing dependency: 'fetchEvents'. Either include it or remove the dependency array  react-hooks/exhaustive-deps

src/components/Filter.js
  Line 1:17:  'useState' is defined but never used   no-unused-vars
  Line 1:27:  'useEffect' is defined but never used  no-unused-vars

Search for the keywords to learn more about each warning.
To ignore, add // eslint-disable-next-line to the line before.

WARNING in [eslint] 
src/App.js
  Line 31:6:  React Hook useEffect has a missing dependency: 'fetchEvents'. Either include it or remove the dependency array  react-hooks/exhaustive-deps

src/components/Filter.js
  Line 1:17:  'useState' is defined but never used   no-unused-vars
  Line 1:27:  'useEffect' is defined but never used  no-unused-vars

webpack compiled with 1 warning
Compiling...
Compiled with warnings.

[eslint] 
src/App.js
  Line 31:6:  React Hook useEffect has a missing dependency: 'fetchEvents'. Either include it or remove the dependency array  react-hooks/exhaustive-deps

src/components/Filter.js
  Line 1:17:  'useState' is defined but never used   no-unused-vars
  Line 1:27:  'useEffect' is defined but never used  no-unused-vars

Search for the keywords to learn more about each warning.
To ignore, add // eslint-disable-next-line to the line before.

WARNING in [eslint] 
src/App.js
  Line 31:6:  React Hook useEffect has a missing dependency: 'fetchEvents'. Either include it or remove the dependency array  react-hooks/exhaustive-deps

src/components/Filter.js
  Line 1:17:  'useState' is defined but never used   no-unused-vars
  Line 1:27:  'useEffect' is defined but never used  no-unused-vars

webpack compiled with 1 warning
Compiling...
Compiled with warnings.

[eslint] 
src/App.js
  Line 31:6:  React Hook useEffect has a missing dependency: 'fetchEvents'. Either include it or remove the dependency array  react-hooks/exhaustive-deps

src/components/Filter.js
  Line 1:17:  'useState' is defined but never used   no-unused-vars
  Line 1:27:  'useEffect' is defined but never used  no-unused-vars

Search for the keywords to learn more about each warning.
To ignore, add // eslint-disable-next-line to the line before.

WARNING in [eslint] 
src/App.js
  Line 31:6:  React Hook useEffect has a missing dependency: 'fetchEvents'. Either include it or remove the dependency array  react-hooks/exhaustive-deps

src/components/Filter.js
  Line 1:17:  'useState' is defined but never used   no-unused-vars
  Line 1:27:  'useEffect' is defined but never used  no-unused-vars

webpack compiled with 1 warning
Compiling...
Compiled with warnings.

[eslint] 
src/App.js
  Line 31:6:  React Hook useEffect has a missing dependency: 'fetchEvents'. Either include it or remove the dependency array  react-hooks/exhaustive-deps

src/components/Filter.js
  Line 1:17:  'useState' is defined but never used   no-unused-vars
  Line 1:27:  'useEffect' is defined but never used  no-unused-vars

Search for the keywords to learn more about each warning.
To ignore, add // eslint-disable-next-line to the line before.

WARNING in [eslint] 
src/App.js
  Line 31:6:  React Hook useEffect has a missing dependency: 'fetchEvents'. Either include it or remove the dependency array  react-hooks/exhaustive-deps

src/components/Filter.js
  Line 1:17:  'useState' is defined but never used   no-unused-vars
  Line 1:27:  'useEffect' is defined but never used  no-unused-vars

webpack compiled with 1 warning
Compiling...
Compiled with warnings.

[eslint] 
src/App.js
  Line 31:6:  React Hook useEffect has a missing dependency: 'fetchEvents'. Either include it or remove the dependency array  react-hooks/exhaustive-deps

src/components/Filter.js
  Line 1:17:  'useState' is defined but never used   no-unused-vars
  Line 1:27:  'useEffect' is defined but never used  no-unused-vars

Search for the keywords to learn more about each warning.
To ignore, add // eslint-disable-next-line to the line before.

WARNING in [eslint] 
src/App.js
  Line 31:6:  React Hook useEffect has a missing dependency: 'fetchEvents'. Either include it or remove the dependency array  react-hooks/exhaustive-deps

src/components/Filter.js
  Line 1:17:  'useState' is defined but never used   no-unused-vars
  Line 1:27:  'useEffect' is defined but never used  no-unused-vars

webpack compiled with 1 warning
Compiling...
Compiled with warnings.

[eslint] 
src/App.js
  Line 31:6:  React Hook useEffect has a missing dependency: 'fetchEvents'. Either include it or remove the dependency array  react-hooks/exhaustive-deps

src/components/Filter.js
  Line 1:17:  'useState' is defined but never used   no-unused-vars
  Line 1:27:  'useEffect' is defined but never used  no-unused-vars

Search for the keywords to learn more about each warning.
To ignore, add // eslint-disable-next-line to the line before.

WARNING in [eslint] 
src/App.js
  Line 31:6:  React Hook useEffect has a missing dependency: 'fetchEvents'. Either include it or remove the dependency array  react-hooks/exhaustive-deps

src/components/Filter.js
  Line 1:17:  'useState' is defined but never used   no-unused-vars
  Line 1:27:  'useEffect' is defined but never used  no-unused-vars

webpack compiled with 1 warning
Compiling...
Compiled with warnings.

[eslint] 
src/App.js
  Line 31:6:  React Hook useEffect has a missing dependency: 'fetchEvents'. Either include it or remove the dependency array  react-hooks/exhaustive-deps

src/components/Filter.js
  Line 1:17:  'useState' is defined but never used   no-unused-vars
  Line 1:27:  'useEffect' is defined but never used  no-unused-vars

Search for the keywords to learn more about each warning.
To ignore, add // eslint-disable-next-line to the line before.

WARNING in [eslint] 
src/App.js
  Line 31:6:  React Hook useEffect has a missing dependency: 'fetchEvents'. Either include it or remove the dependency array  react-hooks/exhaustive-deps

src/components/Filter.js
  Line 1:17:  'useState' is defined but never used   no-unused-vars
  Line 1:27:  'useEffect' is defined but never used  no-unused-vars

webpack compiled with 1 warning
Compiling...
Compiled with warnings.

[eslint] 
src/App.js
  Line 31:6:  React Hook useEffect has a missing dependency: 'fetchEvents'. Either include it or remove the dependency array  react-hooks/exhaustive-deps

src/components/EventTable.js
  Line 149:6:  React Hook useMemo has a missing dependency: 'getDosage'. Either include it or remove the dependency array  react-hooks/exhaustive-deps
  Line 165:5:  'setFilter' is assigned a value but never used                                                              no-unused-vars

src/components/Filter.js
  Line 1:17:  'useState' is defined but never used   no-unused-vars
  Line 1:27:  'useEffect' is defined but never used  no-unused-vars

Search for the keywords to learn more about each warning.
To ignore, add // eslint-disable-next-line to the line before.

WARNING in [eslint] 
src/App.js
  Line 31:6:  React Hook useEffect has a missing dependency: 'fetchEvents'. Either include it or remove the dependency array  react-hooks/exhaustive-deps

src/components/EventTable.js
  Line 149:6:  React Hook useMemo has a missing dependency: 'getDosage'. Either include it or remove the dependency array  react-hooks/exhaustive-deps
  Line 165:5:  'setFilter' is assigned a value but never used                                                              no-unused-vars

src/components/Filter.js
  Line 1:17:  'useState' is defined but never used   no-unused-vars
  Line 1:27:  'useEffect' is defined but never used  no-unused-vars

webpack compiled with 1 warning
Compiling...
Compiled with warnings.

[eslint] 
src/App.js
  Line 31:6:  React Hook useEffect has a missing dependency: 'fetchEvents'. Either include it or remove the dependency array  react-hooks/exhaustive-deps

src/components/Filter.js
  Line 1:17:  'useState' is defined but never used   no-unused-vars
  Line 1:27:  'useEffect' is defined but never used  no-unused-vars

Search for the keywords to learn more about each warning.
To ignore, add // eslint-disable-next-line to the line before.

WARNING in [eslint] 
src/App.js
  Line 31:6:  React Hook useEffect has a missing dependency: 'fetchEvents'. Either include it or remove the dependency array  react-hooks/exhaustive-deps

src/components/Filter.js
  Line 1:17:  'useState' is defined but never used   no-unused-vars
  Line 1:27:  'useEffect' is defined but never used  no-unused-vars

webpack compiled with 1 warning
Compiling...
Compiled with warnings.

[eslint] 
src/App.js
  Line 31:6:  React Hook useEffect has a missing dependency: 'fetchEvents'. Either include it or remove the dependency array  react-hooks/exhaustive-deps

src/components/Filter.js
  Line 1:17:  'useState' is defined but never used   no-unused-vars
  Line 1:27:  'useEffect' is defined but never used  no-unused-vars

Search for the keywords to learn more about each warning.
To ignore, add // eslint-disable-next-line to the line before.

WARNING in [eslint] 
src/App.js
  Line 31:6:  React Hook useEffect has a missing dependency: 'fetchEvents'. Either include it or remove the dependency array  react-hooks/exhaustive-deps

src/components/Filter.js
  Line 1:17:  'useState' is defined but never used   no-unused-vars
  Line 1:27:  'useEffect' is defined but never used  no-unused-vars

webpack compiled with 1 warning
Compiling...
Compiled with warnings.

[eslint] 
src/App.js
  Line 31:6:  React Hook useEffect has a missing dependency: 'fetchEvents'. Either include it or remove the dependency array  react-hooks/exhaustive-deps

src/components/EventTable.js
  Line 2:10:   'useTable' is defined but never used                                                                        no-unused-vars
  Line 2:20:   'useFilters' is defined but never used                                                                      no-unused-vars
  Line 2:32:   'useSortBy' is defined but never used                                                                       no-unused-vars
  Line 2:43:   'usePagination' is defined but never used                                                                   no-unused-vars
  Line 138:6:  React Hook useMemo has a missing dependency: 'getDosage'. Either include it or remove the dependency array  react-hooks/exhaustive-deps

src/components/Filter.js
  Line 1:17:  'useState' is defined but never used   no-unused-vars
  Line 1:27:  'useEffect' is defined but never used  no-unused-vars

Search for the keywords to learn more about each warning.
To ignore, add // eslint-disable-next-line to the line before.

WARNING in [eslint] 
src/App.js
  Line 31:6:  React Hook useEffect has a missing dependency: 'fetchEvents'. Either include it or remove the dependency array  react-hooks/exhaustive-deps

src/components/EventTable.js
  Line 2:10:   'useTable' is defined but never used                                                                        no-unused-vars
  Line 2:20:   'useFilters' is defined but never used                                                                      no-unused-vars
  Line 2:32:   'useSortBy' is defined but never used                                                                       no-unused-vars
  Line 2:43:   'usePagination' is defined but never used                                                                   no-unused-vars
  Line 138:6:  React Hook useMemo has a missing dependency: 'getDosage'. Either include it or remove the dependency array  react-hooks/exhaustive-deps

src/components/Filter.js
  Line 1:17:  'useState' is defined but never used   no-unused-vars
  Line 1:27:  'useEffect' is defined but never used  no-unused-vars

webpack compiled with 1 warning
Compiling...
Compiled with warnings.

[eslint] 
src/App.js
  Line 31:6:  React Hook useEffect has a missing dependency: 'fetchEvents'. Either include it or remove the dependency array  react-hooks/exhaustive-deps

src/components/EventTable.js
  Line 2:10:   'useTable' is defined but never used                                                                        no-unused-vars
  Line 2:20:   'useFilters' is defined but never used                                                                      no-unused-vars
  Line 2:32:   'useSortBy' is defined but never used                                                                       no-unused-vars
  Line 2:43:   'usePagination' is defined but never used                                                                   no-unused-vars
  Line 138:6:  React Hook useMemo has a missing dependency: 'getDosage'. Either include it or remove the dependency array  react-hooks/exhaustive-deps

src/components/Filter.js
  Line 1:17:  'useState' is defined but never used   no-unused-vars
  Line 1:27:  'useEffect' is defined but never used  no-unused-vars

Search for the keywords to learn more about each warning.
To ignore, add // eslint-disable-next-line to the line before.

WARNING in [eslint] 
src/App.js
  Line 31:6:  React Hook useEffect has a missing dependency: 'fetchEvents'. Either include it or remove the dependency array  react-hooks/exhaustive-deps

src/components/EventTable.js
  Line 2:10:   'useTable' is defined but never used                                                                        no-unused-vars
  Line 2:20:   'useFilters' is defined but never used                                                                      no-unused-vars
  Line 2:32:   'useSortBy' is defined but never used                                                                       no-unused-vars
  Line 2:43:   'usePagination' is defined but never used                                                                   no-unused-vars
  Line 138:6:  React Hook useMemo has a missing dependency: 'getDosage'. Either include it or remove the dependency array  react-hooks/exhaustive-deps

src/components/Filter.js
  Line 1:17:  'useState' is defined but never used   no-unused-vars
  Line 1:27:  'useEffect' is defined but never used  no-unused-vars

webpack compiled with 1 warning
Compiling...
Compiled with warnings.

[eslint] 
src/App.js
  Line 31:6:  React Hook useEffect has a missing dependency: 'fetchEvents'. Either include it or remove the dependency array  react-hooks/exhaustive-deps

src/components/EventTable.js
  Line 2:10:   'useTable' is defined but never used                                                                        no-unused-vars
  Line 2:20:   'useFilters' is defined but never used                                                                      no-unused-vars
  Line 2:32:   'useSortBy' is defined but never used                                                                       no-unused-vars
  Line 2:43:   'usePagination' is defined but never used                                                                   no-unused-vars
  Line 138:6:  React Hook useMemo has a missing dependency: 'getDosage'. Either include it or remove the dependency array  react-hooks/exhaustive-deps

src/components/Filter.js
  Line 1:17:  'useState' is defined but never used   no-unused-vars
  Line 1:27:  'useEffect' is defined but never used  no-unused-vars

Search for the keywords to learn more about each warning.
To ignore, add // eslint-disable-next-line to the line before.

WARNING in [eslint] 
src/App.js
  Line 31:6:  React Hook useEffect has a missing dependency: 'fetchEvents'. Either include it or remove the dependency array  react-hooks/exhaustive-deps

src/components/EventTable.js
  Line 2:10:   'useTable' is defined but never used                                                                        no-unused-vars
  Line 2:20:   'useFilters' is defined but never used                                                                      no-unused-vars
  Line 2:32:   'useSortBy' is defined but never used                                                                       no-unused-vars
  Line 2:43:   'usePagination' is defined but never used                                                                   no-unused-vars
  Line 138:6:  React Hook useMemo has a missing dependency: 'getDosage'. Either include it or remove the dependency array  react-hooks/exhaustive-deps

src/components/Filter.js
  Line 1:17:  'useState' is defined but never used   no-unused-vars
  Line 1:27:  'useEffect' is defined but never used  no-unused-vars

webpack compiled with 1 warning
Compiling...
Compiled with warnings.

[eslint] 
src/App.js
  Line 31:6:  React Hook useEffect has a missing dependency: 'fetchEvents'. Either include it or remove the dependency array  react-hooks/exhaustive-deps

src/components/EventTable.js
  Line 2:10:   'useTable' is defined but never used                                                                        no-unused-vars
  Line 2:20:   'useFilters' is defined but never used                                                                      no-unused-vars
  Line 2:32:   'useSortBy' is defined but never used                                                                       no-unused-vars
  Line 2:43:   'usePagination' is defined but never used                                                                   no-unused-vars
  Line 138:6:  React Hook useMemo has a missing dependency: 'getDosage'. Either include it or remove the dependency array  react-hooks/exhaustive-deps

src/components/Filter.js
  Line 1:17:  'useState' is defined but never used   no-unused-vars
  Line 1:27:  'useEffect' is defined but never used  no-unused-vars

Search for the keywords to learn more about each warning.
To ignore, add // eslint-disable-next-line to the line before.

WARNING in [eslint] 
src/App.js
  Line 31:6:  React Hook useEffect has a missing dependency: 'fetchEvents'. Either include it or remove the dependency array  react-hooks/exhaustive-deps

src/components/EventTable.js
  Line 2:10:   'useTable' is defined but never used                                                                        no-unused-vars
  Line 2:20:   'useFilters' is defined but never used                                                                      no-unused-vars
  Line 2:32:   'useSortBy' is defined but never used                                                                       no-unused-vars
  Line 2:43:   'usePagination' is defined but never used                                                                   no-unused-vars
  Line 138:6:  React Hook useMemo has a missing dependency: 'getDosage'. Either include it or remove the dependency array  react-hooks/exhaustive-deps

src/components/Filter.js
  Line 1:17:  'useState' is defined but never used   no-unused-vars
  Line 1:27:  'useEffect' is defined but never used  no-unused-vars

webpack compiled with 1 warning
Compiling...
Compiled with warnings.

[eslint] 
src/App.js
  Line 31:6:  React Hook useEffect has a missing dependency: 'fetchEvents'. Either include it or remove the dependency array  react-hooks/exhaustive-deps

src/components/Filter.js
  Line 1:17:  'useState' is defined but never used   no-unused-vars
  Line 1:27:  'useEffect' is defined but never used  no-unused-vars

Search for the keywords to learn more about each warning.
To ignore, add // eslint-disable-next-line to the line before.

WARNING in [eslint] 
src/App.js
  Line 31:6:  React Hook useEffect has a missing dependency: 'fetchEvents'. Either include it or remove the dependency array  react-hooks/exhaustive-deps

src/components/Filter.js
  Line 1:17:  'useState' is defined but never used   no-unused-vars
  Line 1:27:  'useEffect' is defined but never used  no-unused-vars

webpack compiled with 1 warning
Compiling...
Compiled with warnings.

[eslint] 
src/App.js
  Line 31:6:  React Hook useEffect has a missing dependency: 'fetchEvents'. Either include it or remove the dependency array  react-hooks/exhaustive-deps

src/components/EventTable.js
  Line 42:6:  React Hook useEffect has a missing dependency: 'getValueByKey'. Either include it or remove the dependency array  react-hooks/exhaustive-deps

src/components/Filter.js
  Line 1:17:  'useState' is defined but never used   no-unused-vars
  Line 1:27:  'useEffect' is defined but never used  no-unused-vars

Search for the keywords to learn more about each warning.
To ignore, add // eslint-disable-next-line to the line before.

WARNING in [eslint] 
src/App.js
  Line 31:6:  React Hook useEffect has a missing dependency: 'fetchEvents'. Either include it or remove the dependency array  react-hooks/exhaustive-deps

src/components/EventTable.js
  Line 42:6:  React Hook useEffect has a missing dependency: 'getValueByKey'. Either include it or remove the dependency array  react-hooks/exhaustive-deps

src/components/Filter.js
  Line 1:17:  'useState' is defined but never used   no-unused-vars
  Line 1:27:  'useEffect' is defined but never used  no-unused-vars

webpack compiled with 1 warning
Compiling...
Compiled with warnings.

[eslint] 
src/App.js
  Line 31:6:  React Hook useEffect has a missing dependency: 'fetchEvents'. Either include it or remove the dependency array  react-hooks/exhaustive-deps

src/components/EventTable.js
  Line 42:6:  React Hook useEffect has a missing dependency: 'getValueByKey'. Either include it or remove the dependency array  react-hooks/exhaustive-deps

src/components/Filter.js
  Line 1:17:  'useState' is defined but never used   no-unused-vars
  Line 1:27:  'useEffect' is defined but never used  no-unused-vars

Search for the keywords to learn more about each warning.
To ignore, add // eslint-disable-next-line to the line before.

WARNING in [eslint] 
src/App.js
  Line 31:6:  React Hook useEffect has a missing dependency: 'fetchEvents'. Either include it or remove the dependency array  react-hooks/exhaustive-deps

src/components/EventTable.js
  Line 42:6:  React Hook useEffect has a missing dependency: 'getValueByKey'. Either include it or remove the dependency array  react-hooks/exhaustive-deps

src/components/Filter.js
  Line 1:17:  'useState' is defined but never used   no-unused-vars
  Line 1:27:  'useEffect' is defined but never used  no-unused-vars

webpack compiled with 1 warning
Compiling...
Compiled with warnings.

[eslint] 
src/App.js
  Line 31:6:  React Hook useEffect has a missing dependency: 'fetchEvents'. Either include it or remove the dependency array  react-hooks/exhaustive-deps

src/components/EventTable.js
  Line 42:6:  React Hook useEffect has a missing dependency: 'getValueByKey'. Either include it or remove the dependency array  react-hooks/exhaustive-deps

src/components/Filter.js
  Line 1:17:  'useState' is defined but never used   no-unused-vars
  Line 1:27:  'useEffect' is defined but never used  no-unused-vars

Search for the keywords to learn more about each warning.
To ignore, add // eslint-disable-next-line to the line before.

WARNING in [eslint] 
src/App.js
  Line 31:6:  React Hook useEffect has a missing dependency: 'fetchEvents'. Either include it or remove the dependency array  react-hooks/exhaustive-deps

src/components/EventTable.js
  Line 42:6:  React Hook useEffect has a missing dependency: 'getValueByKey'. Either include it or remove the dependency array  react-hooks/exhaustive-deps

src/components/Filter.js
  Line 1:17:  'useState' is defined but never used   no-unused-vars
  Line 1:27:  'useEffect' is defined but never used  no-unused-vars

webpack compiled with 1 warning
Compiling...
Compiled with warnings.

[eslint] 
src/App.js
  Line 31:6:  React Hook useEffect has a missing dependency: 'fetchEvents'. Either include it or remove the dependency array  react-hooks/exhaustive-deps

src/components/Filter.js
  Line 1:17:  'useState' is defined but never used   no-unused-vars
  Line 1:27:  'useEffect' is defined but never used  no-unused-vars

Search for the keywords to learn more about each warning.
To ignore, add // eslint-disable-next-line to the line before.

WARNING in [eslint] 
src/App.js
  Line 31:6:  React Hook useEffect has a missing dependency: 'fetchEvents'. Either include it or remove the dependency array  react-hooks/exhaustive-deps

src/components/Filter.js
  Line 1:17:  'useState' is defined but never used   no-unused-vars
  Line 1:27:  'useEffect' is defined but never used  no-unused-vars

webpack compiled with 1 warning
Compiling...
Compiled with warnings.

[eslint] 
src/App.js
  Line 22:21:  'setSortField' is assigned a value but never used                                                               no-unused-vars
  Line 23:21:  'setSortOrder' is assigned a value but never used                                                               no-unused-vars
  Line 33:6:   React Hook useEffect has a missing dependency: 'fetchEvents'. Either include it or remove the dependency array  react-hooks/exhaustive-deps

src/components/Filter.js
  Line 1:17:  'useState' is defined but never used   no-unused-vars
  Line 1:27:  'useEffect' is defined but never used  no-unused-vars

Search for the keywords to learn more about each warning.
To ignore, add // eslint-disable-next-line to the line before.

WARNING in [eslint] 
src/App.js
  Line 22:21:  'setSortField' is assigned a value but never used                                                               no-unused-vars
  Line 23:21:  'setSortOrder' is assigned a value but never used                                                               no-unused-vars
  Line 33:6:   React Hook useEffect has a missing dependency: 'fetchEvents'. Either include it or remove the dependency array  react-hooks/exhaustive-deps

src/components/Filter.js
  Line 1:17:  'useState' is defined but never used   no-unused-vars
  Line 1:27:  'useEffect' is defined but never used  no-unused-vars

webpack compiled with 1 warning
Compiling...
Compiled with warnings.

[eslint] 
src/App.js
  Line 22:21:  'setSortField' is assigned a value but never used                                                               no-unused-vars
  Line 23:21:  'setSortOrder' is assigned a value but never used                                                               no-unused-vars
  Line 33:6:   React Hook useEffect has a missing dependency: 'fetchEvents'. Either include it or remove the dependency array  react-hooks/exhaustive-deps

src/components/Filter.js
  Line 1:17:  'useState' is defined but never used   no-unused-vars
  Line 1:27:  'useEffect' is defined but never used  no-unused-vars

Search for the keywords to learn more about each warning.
To ignore, add // eslint-disable-next-line to the line before.

WARNING in [eslint] 
src/App.js
  Line 22:21:  'setSortField' is assigned a value but never used                                                               no-unused-vars
  Line 23:21:  'setSortOrder' is assigned a value but never used                                                               no-unused-vars
  Line 33:6:   React Hook useEffect has a missing dependency: 'fetchEvents'. Either include it or remove the dependency array  react-hooks/exhaustive-deps

src/components/Filter.js
  Line 1:17:  'useState' is defined but never used   no-unused-vars
  Line 1:27:  'useEffect' is defined but never used  no-unused-vars

webpack compiled with 1 warning
Compiling...
Compiled with warnings.

[eslint] 
src/App.js
  Line 33:6:  React Hook useEffect has a missing dependency: 'fetchEvents'. Either include it or remove the dependency array  react-hooks/exhaustive-deps

src/components/Filter.js
  Line 1:17:  'useState' is defined but never used   no-unused-vars
  Line 1:27:  'useEffect' is defined but never used  no-unused-vars

Search for the keywords to learn more about each warning.
To ignore, add // eslint-disable-next-line to the line before.

WARNING in [eslint] 
src/App.js
  Line 33:6:  React Hook useEffect has a missing dependency: 'fetchEvents'. Either include it or remove the dependency array  react-hooks/exhaustive-deps

src/components/Filter.js
  Line 1:17:  'useState' is defined but never used   no-unused-vars
  Line 1:27:  'useEffect' is defined but never used  no-unused-vars

webpack compiled with 1 warning
Compiling...
Failed to compile.

[eslint] 
src/components/EventTable.js
Syntax error: Expected corresponding JSX closing tag for <thead>. (123:16) (123:16)
WARNING in [eslint] 
src/App.js
  Line 33:6:  React Hook useEffect has a missing dependency: 'fetchEvents'. Either include it or remove the dependency array  react-hooks/exhaustive-deps

src/components/Filter.js
  Line 1:17:  'useState' is defined but never used   no-unused-vars
  Line 1:27:  'useEffect' is defined but never used  no-unused-vars

ERROR in ./src/components/EventTable.js
Module build failed (from ./node_modules/babel-loader/lib/index.js):
SyntaxError: /Users/zhaoqianxue/Desktop/RA/ETL/frontend/src/components/EventTable.js: Expected corresponding JSX closing tag for <thead>. (123:16)

  121 |                   <th>End Date</th>
  122 |                   <th>Dosage</th>
> 123 |                 </tr>
      |                 ^
  124 |               </thead>
  125 |               <tbody>
  126 |                 {events.map((event) => (
    at constructor (/Users/zhaoqianxue/Desktop/RA/ETL/frontend/node_modules/@babel/parser/lib/index.js:1:19082)
    at FlowParserMixin.raise (/Users/zhaoqianxue/Desktop/RA/ETL/frontend/node_modules/@babel/parser/lib/index.js:1:178064)
    at FlowParserMixin.jsxParseElementAt (/Users/zhaoqianxue/Desktop/RA/ETL/frontend/node_modules/@babel/parser/lib/index.js:1:137963)
    at FlowParserMixin.jsxParseElementAt (/Users/zhaoqianxue/Desktop/RA/ETL/frontend/node_modules/@babel/parser/lib/index.js:1:137109)
    at FlowParserMixin.jsxParseElementAt (/Users/zhaoqianxue/Desktop/RA/ETL/frontend/node_modules/@babel/parser/lib/index.js:1:137109)
    at FlowParserMixin.jsxParseElementAt (/Users/zhaoqianxue/Desktop/RA/ETL/frontend/node_modules/@babel/parser/lib/index.js:1:137109)
    at FlowParserMixin.jsxParseElement (/Users/zhaoqianxue/Desktop/RA/ETL/frontend/node_modules/@babel/parser/lib/index.js:1:138564)
    at FlowParserMixin.parseExprAtom (/Users/zhaoqianxue/Desktop/RA/ETL/frontend/node_modules/@babel/parser/lib/index.js:1:138747)
    at FlowParserMixin.parseExprSubscripts (/Users/zhaoqianxue/Desktop/RA/ETL/frontend/node_modules/@babel/parser/lib/index.js:1:300709)
    at FlowParserMixin.parseUpdate (/Users/zhaoqianxue/Desktop/RA/ETL/frontend/node_modules/@babel/parser/lib/index.js:1:300190)
    at FlowParserMixin.parseMaybeUnary (/Users/zhaoqianxue/Desktop/RA/ETL/frontend/node_modules/@babel/parser/lib/index.js:1:299571)
    at FlowParserMixin.parseMaybeUnaryOrPrivate (/Users/zhaoqianxue/Desktop/RA/ETL/frontend/node_modules/@babel/parser/lib/index.js:1:295445)
    at FlowParserMixin.parseExprOps (/Users/zhaoqianxue/Desktop/RA/ETL/frontend/node_modules/@babel/parser/lib/index.js:1:295619)
    at FlowParserMixin.parseMaybeConditional (/Users/zhaoqianxue/Desktop/RA/ETL/frontend/node_modules/@babel/parser/lib/index.js:1:294891)
    at FlowParserMixin.parseMaybeAssign (/Users/zhaoqianxue/Desktop/RA/ETL/frontend/node_modules/@babel/parser/lib/index.js:1:293373)
    at /Users/zhaoqianxue/Desktop/RA/ETL/frontend/node_modules/@babel/parser/lib/index.js:1:110154
    at FlowParserMixin.tryParse (/Users/zhaoqianxue/Desktop/RA/ETL/frontend/node_modules/@babel/parser/lib/index.js:1:184641)
    at FlowParserMixin.parseMaybeAssign (/Users/zhaoqianxue/Desktop/RA/ETL/frontend/node_modules/@babel/parser/lib/index.js:1:110135)
    at /Users/zhaoqianxue/Desktop/RA/ETL/frontend/node_modules/@babel/parser/lib/index.js:1:292645
    at FlowParserMixin.allowInAnd (/Users/zhaoqianxue/Desktop/RA/ETL/frontend/node_modules/@babel/parser/lib/index.js:1:335863)
    at FlowParserMixin.parseMaybeAssignAllowIn (/Users/zhaoqianxue/Desktop/RA/ETL/frontend/node_modules/@babel/parser/lib/index.js:1:292625)
    at FlowParserMixin.parseParenAndDistinguishExpression (/Users/zhaoqianxue/Desktop/RA/ETL/frontend/node_modules/@babel/parser/lib/index.js:1:316368)
    at FlowParserMixin.parseParenAndDistinguishExpression (/Users/zhaoqianxue/Desktop/RA/ETL/frontend/node_modules/@babel/parser/lib/index.js:1:113244)
    at FlowParserMixin.parseExprAtom (/Users/zhaoqianxue/Desktop/RA/ETL/frontend/node_modules/@babel/parser/lib/index.js:1:307280)
    at FlowParserMixin.parseExprAtom (/Users/zhaoqianxue/Desktop/RA/ETL/frontend/node_modules/@babel/parser/lib/index.js:1:138906)
    at FlowParserMixin.parseExprSubscripts (/Users/zhaoqianxue/Desktop/RA/ETL/frontend/node_modules/@babel/parser/lib/index.js:1:300709)
    at FlowParserMixin.parseUpdate (/Users/zhaoqianxue/Desktop/RA/ETL/frontend/node_modules/@babel/parser/lib/index.js:1:300190)
    at FlowParserMixin.parseMaybeUnary (/Users/zhaoqianxue/Desktop/RA/ETL/frontend/node_modules/@babel/parser/lib/index.js:1:299571)
    at FlowParserMixin.parseMaybeUnaryOrPrivate (/Users/zhaoqianxue/Desktop/RA/ETL/frontend/node_modules/@babel/parser/lib/index.js:1:295445)
    at FlowParserMixin.parseExprOps (/Users/zhaoqianxue/Desktop/RA/ETL/frontend/node_modules/@babel/parser/lib/index.js:1:295619)
    at FlowParserMixin.parseMaybeConditional (/Users/zhaoqianxue/Desktop/RA/ETL/frontend/node_modules/@babel/parser/lib/index.js:1:294891)
    at FlowParserMixin.parseMaybeAssign (/Users/zhaoqianxue/Desktop/RA/ETL/frontend/node_modules/@babel/parser/lib/index.js:1:293373)
    at FlowParserMixin.parseMaybeAssign (/Users/zhaoqianxue/Desktop/RA/ETL/frontend/node_modules/@babel/parser/lib/index.js:1:111819)
    at /Users/zhaoqianxue/Desktop/RA/ETL/frontend/node_modules/@babel/parser/lib/index.js:1:96402
    at FlowParserMixin.forwardNoArrowParamsConversionAt (/Users/zhaoqianxue/Desktop/RA/ETL/frontend/node_modules/@babel/parser/lib/index.js:1:97847)
    at FlowParserMixin.parseConditional (/Users/zhaoqianxue/Desktop/RA/ETL/frontend/node_modules/@babel/parser/lib/index.js:1:96355)
    at FlowParserMixin.parseMaybeConditional (/Users/zhaoqianxue/Desktop/RA/ETL/frontend/node_modules/@babel/parser/lib/index.js:1:295003)
    at FlowParserMixin.parseMaybeAssign (/Users/zhaoqianxue/Desktop/RA/ETL/frontend/node_modules/@babel/parser/lib/index.js:1:293373)
    at FlowParserMixin.parseMaybeAssign (/Users/zhaoqianxue/Desktop/RA/ETL/frontend/node_modules/@babel/parser/lib/index.js:1:111819)
    at /Users/zhaoqianxue/Desktop/RA/ETL/frontend/node_modules/@babel/parser/lib/index.js:1:96402
    at FlowParserMixin.forwardNoArrowParamsConversionAt (/Users/zhaoqianxue/Desktop/RA/ETL/frontend/node_modules/@babel/parser/lib/index.js:1:97847)
    at FlowParserMixin.parseConditional (/Users/zhaoqianxue/Desktop/RA/ETL/frontend/node_modules/@babel/parser/lib/index.js:1:96355)
    at FlowParserMixin.parseMaybeConditional (/Users/zhaoqianxue/Desktop/RA/ETL/frontend/node_modules/@babel/parser/lib/index.js:1:295003)
    at FlowParserMixin.parseMaybeAssign (/Users/zhaoqianxue/Desktop/RA/ETL/frontend/node_modules/@babel/parser/lib/index.js:1:293373)
    at FlowParserMixin.parseMaybeAssign (/Users/zhaoqianxue/Desktop/RA/ETL/frontend/node_modules/@babel/parser/lib/index.js:1:111819)
    at FlowParserMixin.parseExpressionBase (/Users/zhaoqianxue/Desktop/RA/ETL/frontend/node_modules/@babel/parser/lib/index.js:1:292090)
    at /Users/zhaoqianxue/Desktop/RA/ETL/frontend/node_modules/@babel/parser/lib/index.js:1:291955
    at FlowParserMixin.allowInAnd (/Users/zhaoqianxue/Desktop/RA/ETL/frontend/node_modules/@babel/parser/lib/index.js:1:335863)
    at FlowParserMixin.parseExpression (/Users/zhaoqianxue/Desktop/RA/ETL/frontend/node_modules/@babel/parser/lib/index.js:1:291935)
    at FlowParserMixin.jsxParseExpressionContainer (/Users/zhaoqianxue/Desktop/RA/ETL/frontend/node_modules/@babel/parser/lib/index.js:1:135341)

ERROR in [eslint] 
src/components/EventTable.js
  Line 123:16:  Parsing error: Expected corresponding JSX closing tag for <thead>. (123:16)

webpack compiled with 2 errors and 1 warning
Compiling...
Compiled with warnings.

[eslint] 
src/App.js
  Line 33:6:  React Hook useEffect has a missing dependency: 'fetchEvents'. Either include it or remove the dependency array  react-hooks/exhaustive-deps

src/components/Filter.js
  Line 1:17:  'useState' is defined but never used   no-unused-vars
  Line 1:27:  'useEffect' is defined but never used  no-unused-vars

Search for the keywords to learn more about each warning.
To ignore, add // eslint-disable-next-line to the line before.

WARNING in [eslint] 
src/App.js
  Line 33:6:  React Hook useEffect has a missing dependency: 'fetchEvents'. Either include it or remove the dependency array  react-hooks/exhaustive-deps

src/components/Filter.js
  Line 1:17:  'useState' is defined but never used   no-unused-vars
  Line 1:27:  'useEffect' is defined but never used  no-unused-vars

webpack compiled with 1 warning
Compiling...
Compiled with warnings.

[eslint] 
src/App.js
  Line 31:6:  React Hook useEffect has a missing dependency: 'fetchEvents'. Either include it or remove the dependency array  react-hooks/exhaustive-deps

src/components/Filter.js
  Line 1:17:  'useState' is defined but never used   no-unused-vars
  Line 1:27:  'useEffect' is defined but never used  no-unused-vars

Search for the keywords to learn more about each warning.
To ignore, add // eslint-disable-next-line to the line before.

WARNING in [eslint] 
src/App.js
  Line 31:6:  React Hook useEffect has a missing dependency: 'fetchEvents'. Either include it or remove the dependency array  react-hooks/exhaustive-deps

src/components/Filter.js
  Line 1:17:  'useState' is defined but never used   no-unused-vars
  Line 1:27:  'useEffect' is defined but never used  no-unused-vars

webpack compiled with 1 warning
Compiling...
Compiled with warnings.

[eslint] 
src/App.js
  Line 31:6:  React Hook useEffect has a missing dependency: 'fetchEvents'. Either include it or remove the dependency array  react-hooks/exhaustive-deps

src/components/Filter.js
  Line 23:6:  React Hook useEffect has a missing dependency: 'onFilterChange'. Either include it or remove the dependency array. If 'onFilterChange' changes too often, find the parent component that defines it and wrap that definition in useCallback  react-hooks/exhaustive-deps

Search for the keywords to learn more about each warning.
To ignore, add // eslint-disable-next-line to the line before.

WARNING in [eslint] 
src/App.js
  Line 31:6:  React Hook useEffect has a missing dependency: 'fetchEvents'. Either include it or remove the dependency array  react-hooks/exhaustive-deps

src/components/Filter.js
  Line 23:6:  React Hook useEffect has a missing dependency: 'onFilterChange'. Either include it or remove the dependency array. If 'onFilterChange' changes too often, find the parent component that defines it and wrap that definition in useCallback  react-hooks/exhaustive-deps

webpack compiled with 1 warning
Compiling...
Compiled with warnings.

[eslint] 
src/App.js
  Line 31:6:  React Hook useEffect has a missing dependency: 'fetchEvents'. Either include it or remove the dependency array  react-hooks/exhaustive-deps

src/components/Filter.js
  Line 23:6:  React Hook useEffect has a missing dependency: 'onFilterChange'. Either include it or remove the dependency array. If 'onFilterChange' changes too often, find the parent component that defines it and wrap that definition in useCallback  react-hooks/exhaustive-deps

Search for the keywords to learn more about each warning.
To ignore, add // eslint-disable-next-line to the line before.

WARNING in [eslint] 
src/App.js
  Line 31:6:  React Hook useEffect has a missing dependency: 'fetchEvents'. Either include it or remove the dependency array  react-hooks/exhaustive-deps

src/components/Filter.js
  Line 23:6:  React Hook useEffect has a missing dependency: 'onFilterChange'. Either include it or remove the dependency array. If 'onFilterChange' changes too often, find the parent component that defines it and wrap that definition in useCallback  react-hooks/exhaustive-deps

webpack compiled with 1 warning
Compiling...
Compiled with warnings.

[eslint] 
src/App.js
  Line 31:6:  React Hook useEffect has a missing dependency: 'fetchEvents'. Either include it or remove the dependency array  react-hooks/exhaustive-deps

src/components/Filter.js
  Line 23:6:  React Hook useEffect has a missing dependency: 'onFilterChange'. Either include it or remove the dependency array. If 'onFilterChange' changes too often, find the parent component that defines it and wrap that definition in useCallback  react-hooks/exhaustive-deps

Search for the keywords to learn more about each warning.
To ignore, add // eslint-disable-next-line to the line before.

WARNING in [eslint] 
src/App.js
  Line 31:6:  React Hook useEffect has a missing dependency: 'fetchEvents'. Either include it or remove the dependency array  react-hooks/exhaustive-deps

src/components/Filter.js
  Line 23:6:  React Hook useEffect has a missing dependency: 'onFilterChange'. Either include it or remove the dependency array. If 'onFilterChange' changes too often, find the parent component that defines it and wrap that definition in useCallback  react-hooks/exhaustive-deps

webpack compiled with 1 warning
Compiling...
Compiled with warnings.

[eslint] 
src/App.js
  Line 31:6:  React Hook useEffect has a missing dependency: 'fetchEvents'. Either include it or remove the dependency array  react-hooks/exhaustive-deps

src/components/Filter.js
  Line 23:6:  React Hook useEffect has a missing dependency: 'onFilterChange'. Either include it or remove the dependency array. If 'onFilterChange' changes too often, find the parent component that defines it and wrap that definition in useCallback  react-hooks/exhaustive-deps

Search for the keywords to learn more about each warning.
To ignore, add // eslint-disable-next-line to the line before.

WARNING in [eslint] 
src/App.js
  Line 31:6:  React Hook useEffect has a missing dependency: 'fetchEvents'. Either include it or remove the dependency array  react-hooks/exhaustive-deps

src/components/Filter.js
  Line 23:6:  React Hook useEffect has a missing dependency: 'onFilterChange'. Either include it or remove the dependency array. If 'onFilterChange' changes too often, find the parent component that defines it and wrap that definition in useCallback  react-hooks/exhaustive-deps

webpack compiled with 1 warning
Compiling...
Compiled with warnings.

[eslint] 
src/App.js
  Line 31:6:  React Hook useEffect has a missing dependency: 'fetchEvents'. Either include it or remove the dependency array  react-hooks/exhaustive-deps

src/components/Filter.js
  Line 23:6:  React Hook useEffect has a missing dependency: 'onFilterChange'. Either include it or remove the dependency array. If 'onFilterChange' changes too often, find the parent component that defines it and wrap that definition in useCallback  react-hooks/exhaustive-deps

Search for the keywords to learn more about each warning.
To ignore, add // eslint-disable-next-line to the line before.

WARNING in [eslint] 
src/App.js
  Line 31:6:  React Hook useEffect has a missing dependency: 'fetchEvents'. Either include it or remove the dependency array  react-hooks/exhaustive-deps

src/components/Filter.js
  Line 23:6:  React Hook useEffect has a missing dependency: 'onFilterChange'. Either include it or remove the dependency array. If 'onFilterChange' changes too often, find the parent component that defines it and wrap that definition in useCallback  react-hooks/exhaustive-deps

webpack compiled with 1 warning
Compiling...
Compiled with warnings.

[eslint] 
src/App.js
  Line 31:6:  React Hook useEffect has a missing dependency: 'fetchEvents'. Either include it or remove the dependency array  react-hooks/exhaustive-deps

src/components/Filter.js
  Line 23:6:  React Hook useEffect has a missing dependency: 'onFilterChange'. Either include it or remove the dependency array. If 'onFilterChange' changes too often, find the parent component that defines it and wrap that definition in useCallback  react-hooks/exhaustive-deps

Search for the keywords to learn more about each warning.
To ignore, add // eslint-disable-next-line to the line before.

WARNING in [eslint] 
src/App.js
  Line 31:6:  React Hook useEffect has a missing dependency: 'fetchEvents'. Either include it or remove the dependency array  react-hooks/exhaustive-deps

src/components/Filter.js
  Line 23:6:  React Hook useEffect has a missing dependency: 'onFilterChange'. Either include it or remove the dependency array. If 'onFilterChange' changes too often, find the parent component that defines it and wrap that definition in useCallback  react-hooks/exhaustive-deps

webpack compiled with 1 warning
Compiling...
Compiled with warnings.

[eslint] 
src/App.js
  Line 31:6:  React Hook useEffect has a missing dependency: 'fetchEvents'. Either include it or remove the dependency array  react-hooks/exhaustive-deps

src/components/Filter.js
  Line 36:6:  React Hook useEffect has a missing dependency: 'onFilterChange'. Either include it or remove the dependency array. If 'onFilterChange' changes too often, find the parent component that defines it and wrap that definition in useCallback  react-hooks/exhaustive-deps

Search for the keywords to learn more about each warning.
To ignore, add // eslint-disable-next-line to the line before.

WARNING in [eslint] 
src/App.js
  Line 31:6:  React Hook useEffect has a missing dependency: 'fetchEvents'. Either include it or remove the dependency array  react-hooks/exhaustive-deps

src/components/Filter.js
  Line 36:6:  React Hook useEffect has a missing dependency: 'onFilterChange'. Either include it or remove the dependency array. If 'onFilterChange' changes too often, find the parent component that defines it and wrap that definition in useCallback  react-hooks/exhaustive-deps

webpack compiled with 1 warning
Compiling...
Compiled with warnings.

[eslint] 
src/App.js
  Line 31:6:  React Hook useEffect has a missing dependency: 'fetchEvents'. Either include it or remove the dependency array  react-hooks/exhaustive-deps

src/components/Filter.js
  Line 36:6:  React Hook useEffect has a missing dependency: 'onFilterChange'. Either include it or remove the dependency array. If 'onFilterChange' changes too often, find the parent component that defines it and wrap that definition in useCallback  react-hooks/exhaustive-deps

Search for the keywords to learn more about each warning.
To ignore, add // eslint-disable-next-line to the line before.

WARNING in [eslint] 
src/App.js
  Line 31:6:  React Hook useEffect has a missing dependency: 'fetchEvents'. Either include it or remove the dependency array  react-hooks/exhaustive-deps

src/components/Filter.js
  Line 36:6:  React Hook useEffect has a missing dependency: 'onFilterChange'. Either include it or remove the dependency array. If 'onFilterChange' changes too often, find the parent component that defines it and wrap that definition in useCallback  react-hooks/exhaustive-deps

webpack compiled with 1 warning
Compiling...
Compiled with warnings.

[eslint] 
src/App.js
  Line 31:6:  React Hook useEffect has a missing dependency: 'fetchEvents'. Either include it or remove the dependency array  react-hooks/exhaustive-deps

src/components/Filter.js
  Line 36:6:  React Hook useEffect has a missing dependency: 'onFilterChange'. Either include it or remove the dependency array. If 'onFilterChange' changes too often, find the parent component that defines it and wrap that definition in useCallback  react-hooks/exhaustive-deps

Search for the keywords to learn more about each warning.
To ignore, add // eslint-disable-next-line to the line before.

WARNING in [eslint] 
src/App.js
  Line 31:6:  React Hook useEffect has a missing dependency: 'fetchEvents'. Either include it or remove the dependency array  react-hooks/exhaustive-deps

src/components/Filter.js
  Line 36:6:  React Hook useEffect has a missing dependency: 'onFilterChange'. Either include it or remove the dependency array. If 'onFilterChange' changes too often, find the parent component that defines it and wrap that definition in useCallback  react-hooks/exhaustive-deps

webpack compiled with 1 warning
Compiling...
Compiled with warnings.

[eslint] 
src/App.js
  Line 31:6:  React Hook useEffect has a missing dependency: 'fetchEvents'. Either include it or remove the dependency array  react-hooks/exhaustive-deps

src/components/Filter.js
  Line 36:6:  React Hook useEffect has a missing dependency: 'onFilterChange'. Either include it or remove the dependency array. If 'onFilterChange' changes too often, find the parent component that defines it and wrap that definition in useCallback  react-hooks/exhaustive-deps

Search for the keywords to learn more about each warning.
To ignore, add // eslint-disable-next-line to the line before.

WARNING in [eslint] 
src/App.js
  Line 31:6:  React Hook useEffect has a missing dependency: 'fetchEvents'. Either include it or remove the dependency array  react-hooks/exhaustive-deps

src/components/Filter.js
  Line 36:6:  React Hook useEffect has a missing dependency: 'onFilterChange'. Either include it or remove the dependency array. If 'onFilterChange' changes too often, find the parent component that defines it and wrap that definition in useCallback  react-hooks/exhaustive-deps

webpack compiled with 1 warning
Compiling...
Compiled with warnings.

[eslint] 
src/App.js
  Line 31:6:  React Hook useEffect has a missing dependency: 'fetchEvents'. Either include it or remove the dependency array  react-hooks/exhaustive-deps

src/components/Filter.js
  Line 36:6:  React Hook useEffect has a missing dependency: 'onFilterChange'. Either include it or remove the dependency array. If 'onFilterChange' changes too often, find the parent component that defines it and wrap that definition in useCallback  react-hooks/exhaustive-deps

Search for the keywords to learn more about each warning.
To ignore, add // eslint-disable-next-line to the line before.

WARNING in [eslint] 
src/App.js
  Line 31:6:  React Hook useEffect has a missing dependency: 'fetchEvents'. Either include it or remove the dependency array  react-hooks/exhaustive-deps

src/components/Filter.js
  Line 36:6:  React Hook useEffect has a missing dependency: 'onFilterChange'. Either include it or remove the dependency array. If 'onFilterChange' changes too often, find the parent component that defines it and wrap that definition in useCallback  react-hooks/exhaustive-deps

webpack compiled with 1 warning
Compiling...
Compiled with warnings.

[eslint] 
src/App.js
  Line 31:6:  React Hook useEffect has a missing dependency: 'fetchEvents'. Either include it or remove the dependency array  react-hooks/exhaustive-deps

src/components/Filter.js
  Line 36:6:  React Hook useEffect has a missing dependency: 'onFilterChange'. Either include it or remove the dependency array. If 'onFilterChange' changes too often, find the parent component that defines it and wrap that definition in useCallback  react-hooks/exhaustive-deps

Search for the keywords to learn more about each warning.
To ignore, add // eslint-disable-next-line to the line before.

WARNING in [eslint] 
src/App.js
  Line 31:6:  React Hook useEffect has a missing dependency: 'fetchEvents'. Either include it or remove the dependency array  react-hooks/exhaustive-deps

src/components/Filter.js
  Line 36:6:  React Hook useEffect has a missing dependency: 'onFilterChange'. Either include it or remove the dependency array. If 'onFilterChange' changes too often, find the parent component that defines it and wrap that definition in useCallback  react-hooks/exhaustive-deps

webpack compiled with 1 warning
Compiling...
Compiled with warnings.

[eslint] 
src/App.js
  Line 31:6:  React Hook useEffect has a missing dependency: 'fetchEvents'. Either include it or remove the dependency array  react-hooks/exhaustive-deps

src/components/Filter.js
  Line 36:6:  React Hook useEffect has a missing dependency: 'onFilterChange'. Either include it or remove the dependency array. If 'onFilterChange' changes too often, find the parent component that defines it and wrap that definition in useCallback  react-hooks/exhaustive-deps

Search for the keywords to learn more about each warning.
To ignore, add // eslint-disable-next-line to the line before.

WARNING in [eslint] 
src/App.js
  Line 31:6:  React Hook useEffect has a missing dependency: 'fetchEvents'. Either include it or remove the dependency array  react-hooks/exhaustive-deps

src/components/Filter.js
  Line 36:6:  React Hook useEffect has a missing dependency: 'onFilterChange'. Either include it or remove the dependency array. If 'onFilterChange' changes too often, find the parent component that defines it and wrap that definition in useCallback  react-hooks/exhaustive-deps

webpack compiled with 1 warning
Compiling...
Compiled with warnings.

[eslint] 
src/App.js
  Line 31:6:  React Hook useEffect has a missing dependency: 'fetchEvents'. Either include it or remove the dependency array  react-hooks/exhaustive-deps

src/components/Filter.js
  Line 36:6:  React Hook useEffect has a missing dependency: 'onFilterChange'. Either include it or remove the dependency array. If 'onFilterChange' changes too often, find the parent component that defines it and wrap that definition in useCallback  react-hooks/exhaustive-deps

Search for the keywords to learn more about each warning.
To ignore, add // eslint-disable-next-line to the line before.

WARNING in [eslint] 
src/App.js
  Line 31:6:  React Hook useEffect has a missing dependency: 'fetchEvents'. Either include it or remove the dependency array  react-hooks/exhaustive-deps

src/components/Filter.js
  Line 36:6:  React Hook useEffect has a missing dependency: 'onFilterChange'. Either include it or remove the dependency array. If 'onFilterChange' changes too often, find the parent component that defines it and wrap that definition in useCallback  react-hooks/exhaustive-deps

webpack compiled with 1 warning
Compiling...
Compiled with warnings.

[eslint] 
src/App.js
  Line 31:6:  React Hook useEffect has a missing dependency: 'fetchEvents'. Either include it or remove the dependency array  react-hooks/exhaustive-deps

src/components/Filter.js
  Line 36:6:  React Hook useEffect has a missing dependency: 'onFilterChange'. Either include it or remove the dependency array. If 'onFilterChange' changes too often, find the parent component that defines it and wrap that definition in useCallback  react-hooks/exhaustive-deps

Search for the keywords to learn more about each warning.
To ignore, add // eslint-disable-next-line to the line before.

WARNING in [eslint] 
src/App.js
  Line 31:6:  React Hook useEffect has a missing dependency: 'fetchEvents'. Either include it or remove the dependency array  react-hooks/exhaustive-deps

src/components/Filter.js
  Line 36:6:  React Hook useEffect has a missing dependency: 'onFilterChange'. Either include it or remove the dependency array. If 'onFilterChange' changes too often, find the parent component that defines it and wrap that definition in useCallback  react-hooks/exhaustive-deps

webpack compiled with 1 warning
Compiling...
Compiled with warnings.

[eslint] 
src/App.js
  Line 31:6:  React Hook useEffect has a missing dependency: 'fetchEvents'. Either include it or remove the dependency array  react-hooks/exhaustive-deps

src/components/Filter.js
  Line 36:6:  React Hook useEffect has a missing dependency: 'onFilterChange'. Either include it or remove the dependency array. If 'onFilterChange' changes too often, find the parent component that defines it and wrap that definition in useCallback  react-hooks/exhaustive-deps

Search for the keywords to learn more about each warning.
To ignore, add // eslint-disable-next-line to the line before.

WARNING in [eslint] 
src/App.js
  Line 31:6:  React Hook useEffect has a missing dependency: 'fetchEvents'. Either include it or remove the dependency array  react-hooks/exhaustive-deps

src/components/Filter.js
  Line 36:6:  React Hook useEffect has a missing dependency: 'onFilterChange'. Either include it or remove the dependency array. If 'onFilterChange' changes too often, find the parent component that defines it and wrap that definition in useCallback  react-hooks/exhaustive-deps

webpack compiled with 1 warning
Compiling...
Compiled with warnings.

[eslint] 
src/App.js
  Line 31:6:  React Hook useEffect has a missing dependency: 'fetchEvents'. Either include it or remove the dependency array  react-hooks/exhaustive-deps

src/components/Filter.js
  Line 36:6:  React Hook useEffect has a missing dependency: 'onFilterChange'. Either include it or remove the dependency array. If 'onFilterChange' changes too often, find the parent component that defines it and wrap that definition in useCallback  react-hooks/exhaustive-deps

Search for the keywords to learn more about each warning.
To ignore, add // eslint-disable-next-line to the line before.

WARNING in [eslint] 
src/App.js
  Line 31:6:  React Hook useEffect has a missing dependency: 'fetchEvents'. Either include it or remove the dependency array  react-hooks/exhaustive-deps

src/components/Filter.js
  Line 36:6:  React Hook useEffect has a missing dependency: 'onFilterChange'. Either include it or remove the dependency array. If 'onFilterChange' changes too often, find the parent component that defines it and wrap that definition in useCallback  react-hooks/exhaustive-deps

webpack compiled with 1 warning
Compiling...
Compiled with warnings.

[eslint] 
src/App.js
  Line 32:6:  React Hook useEffect has a missing dependency: 'fetchEvents'. Either include it or remove the dependency array  react-hooks/exhaustive-deps

src/components/Filter.js
  Line 36:6:  React Hook useEffect has a missing dependency: 'onFilterChange'. Either include it or remove the dependency array. If 'onFilterChange' changes too often, find the parent component that defines it and wrap that definition in useCallback  react-hooks/exhaustive-deps

Search for the keywords to learn more about each warning.
To ignore, add // eslint-disable-next-line to the line before.

WARNING in [eslint] 
src/App.js
  Line 32:6:  React Hook useEffect has a missing dependency: 'fetchEvents'. Either include it or remove the dependency array  react-hooks/exhaustive-deps

src/components/Filter.js
  Line 36:6:  React Hook useEffect has a missing dependency: 'onFilterChange'. Either include it or remove the dependency array. If 'onFilterChange' changes too often, find the parent component that defines it and wrap that definition in useCallback  react-hooks/exhaustive-deps

webpack compiled with 1 warning
Compiling...
Compiled with warnings.

[eslint] 
src/App.js
  Line 32:6:  React Hook useEffect has a missing dependency: 'fetchEvents'. Either include it or remove the dependency array  react-hooks/exhaustive-deps

src/components/Filter.js
  Line 36:6:  React Hook useEffect has a missing dependency: 'onFilterChange'. Either include it or remove the dependency array. If 'onFilterChange' changes too often, find the parent component that defines it and wrap that definition in useCallback  react-hooks/exhaustive-deps

Search for the keywords to learn more about each warning.
To ignore, add // eslint-disable-next-line to the line before.

WARNING in [eslint] 
src/App.js
  Line 32:6:  React Hook useEffect has a missing dependency: 'fetchEvents'. Either include it or remove the dependency array  react-hooks/exhaustive-deps

src/components/Filter.js
  Line 36:6:  React Hook useEffect has a missing dependency: 'onFilterChange'. Either include it or remove the dependency array. If 'onFilterChange' changes too often, find the parent component that defines it and wrap that definition in useCallback  react-hooks/exhaustive-deps

webpack compiled with 1 warning
Compiling...
Compiled with warnings.

[eslint] 
src/App.js
  Line 31:6:  React Hook useEffect has a missing dependency: 'fetchEvents'. Either include it or remove the dependency array  react-hooks/exhaustive-deps

src/components/Filter.js
  Line 36:6:  React Hook useEffect has a missing dependency: 'onFilterChange'. Either include it or remove the dependency array. If 'onFilterChange' changes too often, find the parent component that defines it and wrap that definition in useCallback  react-hooks/exhaustive-deps

Search for the keywords to learn more about each warning.
To ignore, add // eslint-disable-next-line to the line before.

WARNING in [eslint] 
src/App.js
  Line 31:6:  React Hook useEffect has a missing dependency: 'fetchEvents'. Either include it or remove the dependency array  react-hooks/exhaustive-deps

src/components/Filter.js
  Line 36:6:  React Hook useEffect has a missing dependency: 'onFilterChange'. Either include it or remove the dependency array. If 'onFilterChange' changes too often, find the parent component that defines it and wrap that definition in useCallback  react-hooks/exhaustive-deps

webpack compiled with 1 warning
Compiling...
Compiled with warnings.

[eslint] 
src/App.js
  Line 31:6:  React Hook useEffect has a missing dependency: 'fetchEvents'. Either include it or remove the dependency array  react-hooks/exhaustive-deps

src/components/Filter.js
  Line 36:6:  React Hook useEffect has a missing dependency: 'onFilterChange'. Either include it or remove the dependency array. If 'onFilterChange' changes too often, find the parent component that defines it and wrap that definition in useCallback  react-hooks/exhaustive-deps

Search for the keywords to learn more about each warning.
To ignore, add // eslint-disable-next-line to the line before.

WARNING in [eslint] 
src/App.js
  Line 31:6:  React Hook useEffect has a missing dependency: 'fetchEvents'. Either include it or remove the dependency array  react-hooks/exhaustive-deps

src/components/Filter.js
  Line 36:6:  React Hook useEffect has a missing dependency: 'onFilterChange'. Either include it or remove the dependency array. If 'onFilterChange' changes too often, find the parent component that defines it and wrap that definition in useCallback  react-hooks/exhaustive-deps

webpack compiled with 1 warning
Compiling...
Compiled with warnings.

[eslint] 
src/App.js
  Line 31:6:  React Hook useEffect has a missing dependency: 'fetchEvents'. Either include it or remove the dependency array  react-hooks/exhaustive-deps

src/components/Filter.js
  Line 36:6:  React Hook useEffect has a missing dependency: 'onFilterChange'. Either include it or remove the dependency array. If 'onFilterChange' changes too often, find the parent component that defines it and wrap that definition in useCallback  react-hooks/exhaustive-deps

Search for the keywords to learn more about each warning.
To ignore, add // eslint-disable-next-line to the line before.

WARNING in [eslint] 
src/App.js
  Line 31:6:  React Hook useEffect has a missing dependency: 'fetchEvents'. Either include it or remove the dependency array  react-hooks/exhaustive-deps

src/components/Filter.js
  Line 36:6:  React Hook useEffect has a missing dependency: 'onFilterChange'. Either include it or remove the dependency array. If 'onFilterChange' changes too often, find the parent component that defines it and wrap that definition in useCallback  react-hooks/exhaustive-deps

webpack compiled with 1 warning
Compiling...
Compiled with warnings.

[eslint] 
src/App.js
  Line 31:6:  React Hook useEffect has a missing dependency: 'fetchEvents'. Either include it or remove the dependency array  react-hooks/exhaustive-deps

src/components/Filter.js
  Line 36:6:  React Hook useEffect has a missing dependency: 'onFilterChange'. Either include it or remove the dependency array. If 'onFilterChange' changes too often, find the parent component that defines it and wrap that definition in useCallback  react-hooks/exhaustive-deps

Search for the keywords to learn more about each warning.
To ignore, add // eslint-disable-next-line to the line before.

WARNING in [eslint] 
src/App.js
  Line 31:6:  React Hook useEffect has a missing dependency: 'fetchEvents'. Either include it or remove the dependency array  react-hooks/exhaustive-deps

src/components/Filter.js
  Line 36:6:  React Hook useEffect has a missing dependency: 'onFilterChange'. Either include it or remove the dependency array. If 'onFilterChange' changes too often, find the parent component that defines it and wrap that definition in useCallback  react-hooks/exhaustive-deps

webpack compiled with 1 warning
Compiling...
Compiled with warnings.

[eslint] 
src/App.js
  Line 31:6:  React Hook useEffect has a missing dependency: 'fetchEvents'. Either include it or remove the dependency array  react-hooks/exhaustive-deps

src/components/Filter.js
  Line 36:6:  React Hook useEffect has a missing dependency: 'onFilterChange'. Either include it or remove the dependency array. If 'onFilterChange' changes too often, find the parent component that defines it and wrap that definition in useCallback  react-hooks/exhaustive-deps

Search for the keywords to learn more about each warning.
To ignore, add // eslint-disable-next-line to the line before.

WARNING in [eslint] 
src/App.js
  Line 31:6:  React Hook useEffect has a missing dependency: 'fetchEvents'. Either include it or remove the dependency array  react-hooks/exhaustive-deps

src/components/Filter.js
  Line 36:6:  React Hook useEffect has a missing dependency: 'onFilterChange'. Either include it or remove the dependency array. If 'onFilterChange' changes too often, find the parent component that defines it and wrap that definition in useCallback  react-hooks/exhaustive-deps

webpack compiled with 1 warning
Compiling...
Compiled with warnings.

[eslint] 
src/App.js
  Line 31:6:  React Hook useEffect has a missing dependency: 'fetchEvents'. Either include it or remove the dependency array  react-hooks/exhaustive-deps

src/components/Filter.js
  Line 36:6:  React Hook useEffect has a missing dependency: 'onFilterChange'. Either include it or remove the dependency array. If 'onFilterChange' changes too often, find the parent component that defines it and wrap that definition in useCallback  react-hooks/exhaustive-deps

Search for the keywords to learn more about each warning.
To ignore, add // eslint-disable-next-line to the line before.

WARNING in [eslint] 
src/App.js
  Line 31:6:  React Hook useEffect has a missing dependency: 'fetchEvents'. Either include it or remove the dependency array  react-hooks/exhaustive-deps

src/components/Filter.js
  Line 36:6:  React Hook useEffect has a missing dependency: 'onFilterChange'. Either include it or remove the dependency array. If 'onFilterChange' changes too often, find the parent component that defines it and wrap that definition in useCallback  react-hooks/exhaustive-deps

webpack compiled with 1 warning
Compiling...
Compiled with warnings.

[eslint] 
src/App.js
  Line 31:6:  React Hook useEffect has a missing dependency: 'fetchEvents'. Either include it or remove the dependency array  react-hooks/exhaustive-deps

src/components/Filter.js
  Line 36:6:  React Hook useEffect has a missing dependency: 'onFilterChange'. Either include it or remove the dependency array. If 'onFilterChange' changes too often, find the parent component that defines it and wrap that definition in useCallback  react-hooks/exhaustive-deps

Search for the keywords to learn more about each warning.
To ignore, add // eslint-disable-next-line to the line before.

WARNING in [eslint] 
src/App.js
  Line 31:6:  React Hook useEffect has a missing dependency: 'fetchEvents'. Either include it or remove the dependency array  react-hooks/exhaustive-deps

src/components/Filter.js
  Line 36:6:  React Hook useEffect has a missing dependency: 'onFilterChange'. Either include it or remove the dependency array. If 'onFilterChange' changes too often, find the parent component that defines it and wrap that definition in useCallback  react-hooks/exhaustive-deps

webpack compiled with 1 warning
Compiling...
Compiled with warnings.

[eslint] 
src/App.js
  Line 31:6:  React Hook useEffect has a missing dependency: 'fetchEvents'. Either include it or remove the dependency array  react-hooks/exhaustive-deps

src/components/Filter.js
  Line 36:6:  React Hook useEffect has a missing dependency: 'onFilterChange'. Either include it or remove the dependency array. If 'onFilterChange' changes too often, find the parent component that defines it and wrap that definition in useCallback  react-hooks/exhaustive-deps

Search for the keywords to learn more about each warning.
To ignore, add // eslint-disable-next-line to the line before.

WARNING in [eslint] 
src/App.js
  Line 31:6:  React Hook useEffect has a missing dependency: 'fetchEvents'. Either include it or remove the dependency array  react-hooks/exhaustive-deps

src/components/Filter.js
  Line 36:6:  React Hook useEffect has a missing dependency: 'onFilterChange'. Either include it or remove the dependency array. If 'onFilterChange' changes too often, find the parent component that defines it and wrap that definition in useCallback  react-hooks/exhaustive-deps

webpack compiled with 1 warning
Compiling...
Compiled with warnings.

[eslint] 
src/App.js
  Line 31:6:  React Hook useEffect has a missing dependency: 'fetchEvents'. Either include it or remove the dependency array  react-hooks/exhaustive-deps

src/components/Filter.js
  Line 36:6:  React Hook useEffect has a missing dependency: 'onFilterChange'. Either include it or remove the dependency array. If 'onFilterChange' changes too often, find the parent component that defines it and wrap that definition in useCallback  react-hooks/exhaustive-deps

Search for the keywords to learn more about each warning.
To ignore, add // eslint-disable-next-line to the line before.

WARNING in [eslint] 
src/App.js
  Line 31:6:  React Hook useEffect has a missing dependency: 'fetchEvents'. Either include it or remove the dependency array  react-hooks/exhaustive-deps

src/components/Filter.js
  Line 36:6:  React Hook useEffect has a missing dependency: 'onFilterChange'. Either include it or remove the dependency array. If 'onFilterChange' changes too often, find the parent component that defines it and wrap that definition in useCallback  react-hooks/exhaustive-deps

webpack compiled with 1 warning
Compiling...
Compiled with warnings.

[eslint] 
src/App.js
  Line 31:6:  React Hook useEffect has a missing dependency: 'fetchEvents'. Either include it or remove the dependency array  react-hooks/exhaustive-deps

src/components/Filter.js
  Line 36:6:  React Hook useEffect has a missing dependency: 'onFilterChange'. Either include it or remove the dependency array. If 'onFilterChange' changes too often, find the parent component that defines it and wrap that definition in useCallback  react-hooks/exhaustive-deps

Search for the keywords to learn more about each warning.
To ignore, add // eslint-disable-next-line to the line before.

WARNING in [eslint] 
src/App.js
  Line 31:6:  React Hook useEffect has a missing dependency: 'fetchEvents'. Either include it or remove the dependency array  react-hooks/exhaustive-deps

src/components/Filter.js
  Line 36:6:  React Hook useEffect has a missing dependency: 'onFilterChange'. Either include it or remove the dependency array. If 'onFilterChange' changes too often, find the parent component that defines it and wrap that definition in useCallback  react-hooks/exhaustive-deps

webpack compiled with 1 warning
Compiling...
Compiled with warnings.

[eslint] 
src/App.js
  Line 31:6:  React Hook useEffect has a missing dependency: 'fetchEvents'. Either include it or remove the dependency array  react-hooks/exhaustive-deps

src/components/Filter.js
  Line 36:6:  React Hook useEffect has a missing dependency: 'onFilterChange'. Either include it or remove the dependency array. If 'onFilterChange' changes too often, find the parent component that defines it and wrap that definition in useCallback  react-hooks/exhaustive-deps

Search for the keywords to learn more about each warning.
To ignore, add // eslint-disable-next-line to the line before.

WARNING in [eslint] 
src/App.js
  Line 31:6:  React Hook useEffect has a missing dependency: 'fetchEvents'. Either include it or remove the dependency array  react-hooks/exhaustive-deps

src/components/Filter.js
  Line 36:6:  React Hook useEffect has a missing dependency: 'onFilterChange'. Either include it or remove the dependency array. If 'onFilterChange' changes too often, find the parent component that defines it and wrap that definition in useCallback  react-hooks/exhaustive-deps

webpack compiled with 1 warning
Compiling...
Compiled with warnings.

[eslint] 
src/App.js
  Line 31:6:  React Hook useEffect has a missing dependency: 'fetchEvents'. Either include it or remove the dependency array  react-hooks/exhaustive-deps

src/components/Filter.js
  Line 36:6:  React Hook useEffect has a missing dependency: 'onFilterChange'. Either include it or remove the dependency array. If 'onFilterChange' changes too often, find the parent component that defines it and wrap that definition in useCallback  react-hooks/exhaustive-deps

Search for the keywords to learn more about each warning.
To ignore, add // eslint-disable-next-line to the line before.

WARNING in [eslint] 
src/App.js
  Line 31:6:  React Hook useEffect has a missing dependency: 'fetchEvents'. Either include it or remove the dependency array  react-hooks/exhaustive-deps

src/components/Filter.js
  Line 36:6:  React Hook useEffect has a missing dependency: 'onFilterChange'. Either include it or remove the dependency array. If 'onFilterChange' changes too often, find the parent component that defines it and wrap that definition in useCallback  react-hooks/exhaustive-deps

webpack compiled with 1 warning
Compiling...
Failed to compile.

[eslint] 
src/components/KnowledgeGraph.js
  Line 167:17:  'd3' is not defined            no-undef
  Line 175:24:  'd3' is not defined            no-undef
  Line 176:22:  'd3' is not defined            no-undef
  Line 179:24:  'd3' is not defined            no-undef
  Line 180:24:  'd3' is not defined            no-undef
  Line 181:27:  'd3' is not defined            no-undef
  Line 187:26:  'd3' is not defined            no-undef
  Line 207:9:   'd3' is not defined            no-undef
  Line 214:9:   'd3' is not defined            no-undef
  Line 232:13:  'd3' is not defined            no-undef
  Line 245:11:  'd3' is not defined            no-undef
  Line 249:11:  'd3' is not defined            no-undef
  Line 538:17:  'd3' is not defined            no-undef
  Line 540:7:   'd3' is not defined            no-undef
  Line 541:9:   'd3' is not defined            no-undef
  Line 548:17:  'd3' is not defined            no-undef
  Line 550:7:   'd3' is not defined            no-undef
  Line 551:9:   'd3' is not defined            no-undef
  Line 558:17:  'd3' is not defined            no-undef
  Line 560:7:   'd3' is not defined            no-undef
  Line 561:9:   'd3' is not defined            no-undef
  Line 563:21:  'd3' is not defined            no-undef
  Line 570:5:   'saveSvgAsPng' is not defined  no-undef

Search for the keywords to learn more about each error.
WARNING in [eslint] 
src/App.js
  Line 32:6:  React Hook useEffect has a missing dependency: 'fetchEvents'. Either include it or remove the dependency array  react-hooks/exhaustive-deps

src/components/Filter.js
  Line 36:6:  React Hook useEffect has a missing dependency: 'onFilterChange'. Either include it or remove the dependency array. If 'onFilterChange' changes too often, find the parent component that defines it and wrap that definition in useCallback  react-hooks/exhaustive-deps

src/components/KnowledgeGraph.js
  Line 161:6:  React Hook useEffect has a missing dependency: 'getMedicationsFromEvents'. Either include it or remove the dependency array                 react-hooks/exhaustive-deps
  Line 303:6:  React Hook useEffect has missing dependencies: 'showLinkTooltip' and 'showNodeTooltip'. Either include them or remove the dependency array  react-hooks/exhaustive-deps

ERROR in [eslint] 
src/components/KnowledgeGraph.js
  Line 167:17:  'd3' is not defined            no-undef
  Line 175:24:  'd3' is not defined            no-undef
  Line 176:22:  'd3' is not defined            no-undef
  Line 179:24:  'd3' is not defined            no-undef
  Line 180:24:  'd3' is not defined            no-undef
  Line 181:27:  'd3' is not defined            no-undef
  Line 187:26:  'd3' is not defined            no-undef
  Line 207:9:   'd3' is not defined            no-undef
  Line 214:9:   'd3' is not defined            no-undef
  Line 232:13:  'd3' is not defined            no-undef
  Line 245:11:  'd3' is not defined            no-undef
  Line 249:11:  'd3' is not defined            no-undef
  Line 538:17:  'd3' is not defined            no-undef
  Line 540:7:   'd3' is not defined            no-undef
  Line 541:9:   'd3' is not defined            no-undef
  Line 548:17:  'd3' is not defined            no-undef
  Line 550:7:   'd3' is not defined            no-undef
  Line 551:9:   'd3' is not defined            no-undef
  Line 558:17:  'd3' is not defined            no-undef
  Line 560:7:   'd3' is not defined            no-undef
  Line 561:9:   'd3' is not defined            no-undef
  Line 563:21:  'd3' is not defined            no-undef
  Line 570:5:   'saveSvgAsPng' is not defined  no-undef

Search for the keywords to learn more about each error.

webpack compiled with 1 error and 1 warning
Compiling...
Failed to compile.

[eslint] 
src/components/KnowledgeGraph.js
  Line 167:17:  'd3' is not defined            no-undef
  Line 175:24:  'd3' is not defined            no-undef
  Line 176:22:  'd3' is not defined            no-undef
  Line 179:24:  'd3' is not defined            no-undef
  Line 180:24:  'd3' is not defined            no-undef
  Line 181:27:  'd3' is not defined            no-undef
  Line 187:26:  'd3' is not defined            no-undef
  Line 207:9:   'd3' is not defined            no-undef
  Line 214:9:   'd3' is not defined            no-undef
  Line 232:13:  'd3' is not defined            no-undef
  Line 245:11:  'd3' is not defined            no-undef
  Line 249:11:  'd3' is not defined            no-undef
  Line 538:17:  'd3' is not defined            no-undef
  Line 540:7:   'd3' is not defined            no-undef
  Line 541:9:   'd3' is not defined            no-undef
  Line 548:17:  'd3' is not defined            no-undef
  Line 550:7:   'd3' is not defined            no-undef
  Line 551:9:   'd3' is not defined            no-undef
  Line 558:17:  'd3' is not defined            no-undef
  Line 560:7:   'd3' is not defined            no-undef
  Line 561:9:   'd3' is not defined            no-undef
  Line 563:21:  'd3' is not defined            no-undef
  Line 570:5:   'saveSvgAsPng' is not defined  no-undef

Search for the keywords to learn more about each error.
WARNING in [eslint] 
src/App.js
  Line 32:6:  React Hook useEffect has a missing dependency: 'fetchEvents'. Either include it or remove the dependency array  react-hooks/exhaustive-deps

src/components/Filter.js
  Line 36:6:  React Hook useEffect has a missing dependency: 'onFilterChange'. Either include it or remove the dependency array. If 'onFilterChange' changes too often, find the parent component that defines it and wrap that definition in useCallback  react-hooks/exhaustive-deps

src/components/KnowledgeGraph.js
  Line 161:6:  React Hook useEffect has a missing dependency: 'getMedicationsFromEvents'. Either include it or remove the dependency array                 react-hooks/exhaustive-deps
  Line 303:6:  React Hook useEffect has missing dependencies: 'showLinkTooltip' and 'showNodeTooltip'. Either include them or remove the dependency array  react-hooks/exhaustive-deps

ERROR in [eslint] 
src/components/KnowledgeGraph.js
  Line 167:17:  'd3' is not defined            no-undef
  Line 175:24:  'd3' is not defined            no-undef
  Line 176:22:  'd3' is not defined            no-undef
  Line 179:24:  'd3' is not defined            no-undef
  Line 180:24:  'd3' is not defined            no-undef
  Line 181:27:  'd3' is not defined            no-undef
  Line 187:26:  'd3' is not defined            no-undef
  Line 207:9:   'd3' is not defined            no-undef
  Line 214:9:   'd3' is not defined            no-undef
  Line 232:13:  'd3' is not defined            no-undef
  Line 245:11:  'd3' is not defined            no-undef
  Line 249:11:  'd3' is not defined            no-undef
  Line 538:17:  'd3' is not defined            no-undef
  Line 540:7:   'd3' is not defined            no-undef
  Line 541:9:   'd3' is not defined            no-undef
  Line 548:17:  'd3' is not defined            no-undef
  Line 550:7:   'd3' is not defined            no-undef
  Line 551:9:   'd3' is not defined            no-undef
  Line 558:17:  'd3' is not defined            no-undef
  Line 560:7:   'd3' is not defined            no-undef
  Line 561:9:   'd3' is not defined            no-undef
  Line 563:21:  'd3' is not defined            no-undef
  Line 570:5:   'saveSvgAsPng' is not defined  no-undef

Search for the keywords to learn more about each error.

webpack compiled with 1 error and 1 warning
Compiling...
Failed to compile.

[eslint] 
src/components/KnowledgeGraph.js
  Line 167:17:  'd3' is not defined            no-undef
  Line 175:24:  'd3' is not defined            no-undef
  Line 176:22:  'd3' is not defined            no-undef
  Line 179:24:  'd3' is not defined            no-undef
  Line 180:24:  'd3' is not defined            no-undef
  Line 181:27:  'd3' is not defined            no-undef
  Line 187:26:  'd3' is not defined            no-undef
  Line 207:9:   'd3' is not defined            no-undef
  Line 214:9:   'd3' is not defined            no-undef
  Line 232:13:  'd3' is not defined            no-undef
  Line 245:11:  'd3' is not defined            no-undef
  Line 249:11:  'd3' is not defined            no-undef
  Line 538:17:  'd3' is not defined            no-undef
  Line 540:7:   'd3' is not defined            no-undef
  Line 541:9:   'd3' is not defined            no-undef
  Line 548:17:  'd3' is not defined            no-undef
  Line 550:7:   'd3' is not defined            no-undef
  Line 551:9:   'd3' is not defined            no-undef
  Line 558:17:  'd3' is not defined            no-undef
  Line 560:7:   'd3' is not defined            no-undef
  Line 561:9:   'd3' is not defined            no-undef
  Line 563:21:  'd3' is not defined            no-undef
  Line 570:5:   'saveSvgAsPng' is not defined  no-undef

Search for the keywords to learn more about each error.
WARNING in [eslint] 
src/App.js
  Line 32:6:  React Hook useEffect has a missing dependency: 'fetchEvents'. Either include it or remove the dependency array  react-hooks/exhaustive-deps

src/components/Filter.js
  Line 36:6:  React Hook useEffect has a missing dependency: 'onFilterChange'. Either include it or remove the dependency array. If 'onFilterChange' changes too often, find the parent component that defines it and wrap that definition in useCallback  react-hooks/exhaustive-deps

src/components/KnowledgeGraph.js
  Line 161:6:  React Hook useEffect has a missing dependency: 'getMedicationsFromEvents'. Either include it or remove the dependency array                 react-hooks/exhaustive-deps
  Line 303:6:  React Hook useEffect has missing dependencies: 'showLinkTooltip' and 'showNodeTooltip'. Either include them or remove the dependency array  react-hooks/exhaustive-deps

ERROR in [eslint] 
src/components/KnowledgeGraph.js
  Line 167:17:  'd3' is not defined            no-undef
  Line 175:24:  'd3' is not defined            no-undef
  Line 176:22:  'd3' is not defined            no-undef
  Line 179:24:  'd3' is not defined            no-undef
  Line 180:24:  'd3' is not defined            no-undef
  Line 181:27:  'd3' is not defined            no-undef
  Line 187:26:  'd3' is not defined            no-undef
  Line 207:9:   'd3' is not defined            no-undef
  Line 214:9:   'd3' is not defined            no-undef
  Line 232:13:  'd3' is not defined            no-undef
  Line 245:11:  'd3' is not defined            no-undef
  Line 249:11:  'd3' is not defined            no-undef
  Line 538:17:  'd3' is not defined            no-undef
  Line 540:7:   'd3' is not defined            no-undef
  Line 541:9:   'd3' is not defined            no-undef
  Line 548:17:  'd3' is not defined            no-undef
  Line 550:7:   'd3' is not defined            no-undef
  Line 551:9:   'd3' is not defined            no-undef
  Line 558:17:  'd3' is not defined            no-undef
  Line 560:7:   'd3' is not defined            no-undef
  Line 561:9:   'd3' is not defined            no-undef
  Line 563:21:  'd3' is not defined            no-undef
  Line 570:5:   'saveSvgAsPng' is not defined  no-undef

Search for the keywords to learn more about each error.

webpack compiled with 1 error and 1 warning
Compiling...
Failed to compile.

[eslint] 
src/components/KnowledgeGraph.js
  Line 167:17:  'd3' is not defined            no-undef
  Line 175:24:  'd3' is not defined            no-undef
  Line 176:22:  'd3' is not defined            no-undef
  Line 179:24:  'd3' is not defined            no-undef
  Line 180:24:  'd3' is not defined            no-undef
  Line 181:27:  'd3' is not defined            no-undef
  Line 187:26:  'd3' is not defined            no-undef
  Line 207:9:   'd3' is not defined            no-undef
  Line 214:9:   'd3' is not defined            no-undef
  Line 232:13:  'd3' is not defined            no-undef
  Line 245:11:  'd3' is not defined            no-undef
  Line 249:11:  'd3' is not defined            no-undef
  Line 538:17:  'd3' is not defined            no-undef
  Line 540:7:   'd3' is not defined            no-undef
  Line 541:9:   'd3' is not defined            no-undef
  Line 548:17:  'd3' is not defined            no-undef
  Line 550:7:   'd3' is not defined            no-undef
  Line 551:9:   'd3' is not defined            no-undef
  Line 558:17:  'd3' is not defined            no-undef
  Line 560:7:   'd3' is not defined            no-undef
  Line 561:9:   'd3' is not defined            no-undef
  Line 563:21:  'd3' is not defined            no-undef
  Line 570:5:   'saveSvgAsPng' is not defined  no-undef

Search for the keywords to learn more about each error.
WARNING in [eslint] 
src/App.js
  Line 32:6:  React Hook useEffect has a missing dependency: 'fetchEvents'. Either include it or remove the dependency array  react-hooks/exhaustive-deps

src/components/Filter.js
  Line 36:6:  React Hook useEffect has a missing dependency: 'onFilterChange'. Either include it or remove the dependency array. If 'onFilterChange' changes too often, find the parent component that defines it and wrap that definition in useCallback  react-hooks/exhaustive-deps

src/components/KnowledgeGraph.js
  Line 161:6:  React Hook useEffect has a missing dependency: 'getMedicationsFromEvents'. Either include it or remove the dependency array                 react-hooks/exhaustive-deps
  Line 303:6:  React Hook useEffect has missing dependencies: 'showLinkTooltip' and 'showNodeTooltip'. Either include them or remove the dependency array  react-hooks/exhaustive-deps

ERROR in [eslint] 
src/components/KnowledgeGraph.js
  Line 167:17:  'd3' is not defined            no-undef
  Line 175:24:  'd3' is not defined            no-undef
  Line 176:22:  'd3' is not defined            no-undef
  Line 179:24:  'd3' is not defined            no-undef
  Line 180:24:  'd3' is not defined            no-undef
  Line 181:27:  'd3' is not defined            no-undef
  Line 187:26:  'd3' is not defined            no-undef
  Line 207:9:   'd3' is not defined            no-undef
  Line 214:9:   'd3' is not defined            no-undef
  Line 232:13:  'd3' is not defined            no-undef
  Line 245:11:  'd3' is not defined            no-undef
  Line 249:11:  'd3' is not defined            no-undef
  Line 538:17:  'd3' is not defined            no-undef
  Line 540:7:   'd3' is not defined            no-undef
  Line 541:9:   'd3' is not defined            no-undef
  Line 548:17:  'd3' is not defined            no-undef
  Line 550:7:   'd3' is not defined            no-undef
  Line 551:9:   'd3' is not defined            no-undef
  Line 558:17:  'd3' is not defined            no-undef
  Line 560:7:   'd3' is not defined            no-undef
  Line 561:9:   'd3' is not defined            no-undef
  Line 563:21:  'd3' is not defined            no-undef
  Line 570:5:   'saveSvgAsPng' is not defined  no-undef

Search for the keywords to learn more about each error.

webpack compiled with 1 error and 1 warning
Compiling...
Compiled with warnings.

[eslint] 
src/App.js
  Line 32:6:  React Hook useEffect has a missing dependency: 'fetchEvents'. Either include it or remove the dependency array  react-hooks/exhaustive-deps

src/components/Filter.js
  Line 36:6:  React Hook useEffect has a missing dependency: 'onFilterChange'. Either include it or remove the dependency array. If 'onFilterChange' changes too often, find the parent component that defines it and wrap that definition in useCallback  react-hooks/exhaustive-deps

src/components/KnowledgeGraph.js
  Line 162:6:  React Hook useEffect has a missing dependency: 'getMedicationsFromEvents'. Either include it or remove the dependency array                 react-hooks/exhaustive-deps
  Line 304:6:  React Hook useEffect has missing dependencies: 'showLinkTooltip' and 'showNodeTooltip'. Either include them or remove the dependency array  react-hooks/exhaustive-deps

Search for the keywords to learn more about each warning.
To ignore, add // eslint-disable-next-line to the line before.

WARNING in [eslint] 
src/App.js
  Line 32:6:  React Hook useEffect has a missing dependency: 'fetchEvents'. Either include it or remove the dependency array  react-hooks/exhaustive-deps

src/components/Filter.js
  Line 36:6:  React Hook useEffect has a missing dependency: 'onFilterChange'. Either include it or remove the dependency array. If 'onFilterChange' changes too often, find the parent component that defines it and wrap that definition in useCallback  react-hooks/exhaustive-deps

src/components/KnowledgeGraph.js
  Line 162:6:  React Hook useEffect has a missing dependency: 'getMedicationsFromEvents'. Either include it or remove the dependency array                 react-hooks/exhaustive-deps
  Line 304:6:  React Hook useEffect has missing dependencies: 'showLinkTooltip' and 'showNodeTooltip'. Either include them or remove the dependency array  react-hooks/exhaustive-deps

webpack compiled with 1 warning
Compiling...
Compiled with warnings.

[eslint] 
src/App.js
  Line 33:6:  React Hook useEffect has a missing dependency: 'fetchEvents'. Either include it or remove the dependency array  react-hooks/exhaustive-deps

src/components/Filter.js
  Line 36:6:  React Hook useEffect has a missing dependency: 'onFilterChange'. Either include it or remove the dependency array. If 'onFilterChange' changes too often, find the parent component that defines it and wrap that definition in useCallback  react-hooks/exhaustive-deps

src/components/KnowledgeGraph.js
  Line 162:6:  React Hook useEffect has a missing dependency: 'getMedicationsFromEvents'. Either include it or remove the dependency array                 react-hooks/exhaustive-deps
  Line 304:6:  React Hook useEffect has missing dependencies: 'showLinkTooltip' and 'showNodeTooltip'. Either include them or remove the dependency array  react-hooks/exhaustive-deps

Search for the keywords to learn more about each warning.
To ignore, add // eslint-disable-next-line to the line before.

WARNING in [eslint] 
src/App.js
  Line 33:6:  React Hook useEffect has a missing dependency: 'fetchEvents'. Either include it or remove the dependency array  react-hooks/exhaustive-deps

src/components/Filter.js
  Line 36:6:  React Hook useEffect has a missing dependency: 'onFilterChange'. Either include it or remove the dependency array. If 'onFilterChange' changes too often, find the parent component that defines it and wrap that definition in useCallback  react-hooks/exhaustive-deps

src/components/KnowledgeGraph.js
  Line 162:6:  React Hook useEffect has a missing dependency: 'getMedicationsFromEvents'. Either include it or remove the dependency array                 react-hooks/exhaustive-deps
  Line 304:6:  React Hook useEffect has missing dependencies: 'showLinkTooltip' and 'showNodeTooltip'. Either include them or remove the dependency array  react-hooks/exhaustive-deps

webpack compiled with 1 warning
Compiling...
Compiled with warnings.

[eslint] 
src/App.js
  Line 33:6:  React Hook useEffect has a missing dependency: 'fetchEvents'. Either include it or remove the dependency array  react-hooks/exhaustive-deps

src/components/Filter.js
  Line 36:6:  React Hook useEffect has a missing dependency: 'onFilterChange'. Either include it or remove the dependency array. If 'onFilterChange' changes too often, find the parent component that defines it and wrap that definition in useCallback  react-hooks/exhaustive-deps

src/components/KnowledgeGraph.js
  Line 166:6:  React Hook useEffect has a missing dependency: 'getMedicationsFromEvents'. Either include it or remove the dependency array                                   react-hooks/exhaustive-deps
  Line 308:6:  React Hook useEffect has missing dependencies: 'getNodeRadius', 'showLinkTooltip', and 'showNodeTooltip'. Either include them or remove the dependency array  react-hooks/exhaustive-deps

Search for the keywords to learn more about each warning.
To ignore, add // eslint-disable-next-line to the line before.

WARNING in [eslint] 
src/App.js
  Line 33:6:  React Hook useEffect has a missing dependency: 'fetchEvents'. Either include it or remove the dependency array  react-hooks/exhaustive-deps

src/components/Filter.js
  Line 36:6:  React Hook useEffect has a missing dependency: 'onFilterChange'. Either include it or remove the dependency array. If 'onFilterChange' changes too often, find the parent component that defines it and wrap that definition in useCallback  react-hooks/exhaustive-deps

src/components/KnowledgeGraph.js
  Line 166:6:  React Hook useEffect has a missing dependency: 'getMedicationsFromEvents'. Either include it or remove the dependency array                                   react-hooks/exhaustive-deps
  Line 308:6:  React Hook useEffect has missing dependencies: 'getNodeRadius', 'showLinkTooltip', and 'showNodeTooltip'. Either include them or remove the dependency array  react-hooks/exhaustive-deps

webpack compiled with 1 warning
Compiling...
Compiled with warnings.

[eslint] 
src/App.js
  Line 33:6:  React Hook useEffect has a missing dependency: 'fetchEvents'. Either include it or remove the dependency array  react-hooks/exhaustive-deps

src/components/Filter.js
  Line 36:6:  React Hook useEffect has a missing dependency: 'onFilterChange'. Either include it or remove the dependency array. If 'onFilterChange' changes too often, find the parent component that defines it and wrap that definition in useCallback  react-hooks/exhaustive-deps

src/components/KnowledgeGraph.js
  Line 166:6:  React Hook useEffect has a missing dependency: 'getMedicationsFromEvents'. Either include it or remove the dependency array                                   react-hooks/exhaustive-deps
  Line 308:6:  React Hook useEffect has missing dependencies: 'getNodeRadius', 'showLinkTooltip', and 'showNodeTooltip'. Either include them or remove the dependency array  react-hooks/exhaustive-deps

Search for the keywords to learn more about each warning.
To ignore, add // eslint-disable-next-line to the line before.

WARNING in [eslint] 
src/App.js
  Line 33:6:  React Hook useEffect has a missing dependency: 'fetchEvents'. Either include it or remove the dependency array  react-hooks/exhaustive-deps

src/components/Filter.js
  Line 36:6:  React Hook useEffect has a missing dependency: 'onFilterChange'. Either include it or remove the dependency array. If 'onFilterChange' changes too often, find the parent component that defines it and wrap that definition in useCallback  react-hooks/exhaustive-deps

src/components/KnowledgeGraph.js
  Line 166:6:  React Hook useEffect has a missing dependency: 'getMedicationsFromEvents'. Either include it or remove the dependency array                                   react-hooks/exhaustive-deps
  Line 308:6:  React Hook useEffect has missing dependencies: 'getNodeRadius', 'showLinkTooltip', and 'showNodeTooltip'. Either include them or remove the dependency array  react-hooks/exhaustive-deps

webpack compiled with 1 warning
Compiling...
Compiled with warnings.

[eslint] 
src/App.js
  Line 37:6:  React Hook useEffect has a missing dependency: 'fetchEvents'. Either include it or remove the dependency array  react-hooks/exhaustive-deps

src/components/Filter.js
  Line 36:6:  React Hook useEffect has a missing dependency: 'onFilterChange'. Either include it or remove the dependency array. If 'onFilterChange' changes too often, find the parent component that defines it and wrap that definition in useCallback  react-hooks/exhaustive-deps

src/components/KnowledgeGraph.js
  Line 166:6:  React Hook useEffect has a missing dependency: 'getMedicationsFromEvents'. Either include it or remove the dependency array                                   react-hooks/exhaustive-deps
  Line 308:6:  React Hook useEffect has missing dependencies: 'getNodeRadius', 'showLinkTooltip', and 'showNodeTooltip'. Either include them or remove the dependency array  react-hooks/exhaustive-deps

Search for the keywords to learn more about each warning.
To ignore, add // eslint-disable-next-line to the line before.

WARNING in [eslint] 
src/App.js
  Line 37:6:  React Hook useEffect has a missing dependency: 'fetchEvents'. Either include it or remove the dependency array  react-hooks/exhaustive-deps

src/components/Filter.js
  Line 36:6:  React Hook useEffect has a missing dependency: 'onFilterChange'. Either include it or remove the dependency array. If 'onFilterChange' changes too often, find the parent component that defines it and wrap that definition in useCallback  react-hooks/exhaustive-deps

src/components/KnowledgeGraph.js
  Line 166:6:  React Hook useEffect has a missing dependency: 'getMedicationsFromEvents'. Either include it or remove the dependency array                                   react-hooks/exhaustive-deps
  Line 308:6:  React Hook useEffect has missing dependencies: 'getNodeRadius', 'showLinkTooltip', and 'showNodeTooltip'. Either include them or remove the dependency array  react-hooks/exhaustive-deps

webpack compiled with 1 warning
Compiling...
Compiled with warnings.

[eslint] 
src/App.js
  Line 37:6:  React Hook useEffect has a missing dependency: 'fetchEvents'. Either include it or remove the dependency array  react-hooks/exhaustive-deps

src/components/Filter.js
  Line 36:6:  React Hook useEffect has a missing dependency: 'onFilterChange'. Either include it or remove the dependency array. If 'onFilterChange' changes too often, find the parent component that defines it and wrap that definition in useCallback  react-hooks/exhaustive-deps

src/components/KnowledgeGraph.js
  Line 158:6:  React Hook useEffect has a missing dependency: 'getMedicationsFromEvents'. Either include it or remove the dependency array                                   react-hooks/exhaustive-deps
  Line 300:6:  React Hook useEffect has missing dependencies: 'getNodeRadius', 'showLinkTooltip', and 'showNodeTooltip'. Either include them or remove the dependency array  react-hooks/exhaustive-deps

Search for the keywords to learn more about each warning.
To ignore, add // eslint-disable-next-line to the line before.

WARNING in [eslint] 
src/App.js
  Line 37:6:  React Hook useEffect has a missing dependency: 'fetchEvents'. Either include it or remove the dependency array  react-hooks/exhaustive-deps

src/components/Filter.js
  Line 36:6:  React Hook useEffect has a missing dependency: 'onFilterChange'. Either include it or remove the dependency array. If 'onFilterChange' changes too often, find the parent component that defines it and wrap that definition in useCallback  react-hooks/exhaustive-deps

src/components/KnowledgeGraph.js
  Line 158:6:  React Hook useEffect has a missing dependency: 'getMedicationsFromEvents'. Either include it or remove the dependency array                                   react-hooks/exhaustive-deps
  Line 300:6:  React Hook useEffect has missing dependencies: 'getNodeRadius', 'showLinkTooltip', and 'showNodeTooltip'. Either include them or remove the dependency array  react-hooks/exhaustive-deps

webpack compiled with 1 warning
Compiling...
Compiled with warnings.

[eslint] 
src/App.js
  Line 33:6:  React Hook useEffect has a missing dependency: 'fetchEvents'. Either include it or remove the dependency array  react-hooks/exhaustive-deps

src/components/Filter.js
  Line 36:6:  React Hook useEffect has a missing dependency: 'onFilterChange'. Either include it or remove the dependency array. If 'onFilterChange' changes too often, find the parent component that defines it and wrap that definition in useCallback  react-hooks/exhaustive-deps

src/components/KnowledgeGraph.js
  Line 162:6:  React Hook useEffect has a missing dependency: 'getMedicationsFromEvents'. Either include it or remove the dependency array                 react-hooks/exhaustive-deps
  Line 304:6:  React Hook useEffect has missing dependencies: 'showLinkTooltip' and 'showNodeTooltip'. Either include them or remove the dependency array  react-hooks/exhaustive-deps

Search for the keywords to learn more about each warning.
To ignore, add // eslint-disable-next-line to the line before.

WARNING in [eslint] 
src/App.js
  Line 33:6:  React Hook useEffect has a missing dependency: 'fetchEvents'. Either include it or remove the dependency array  react-hooks/exhaustive-deps

src/components/Filter.js
  Line 36:6:  React Hook useEffect has a missing dependency: 'onFilterChange'. Either include it or remove the dependency array. If 'onFilterChange' changes too often, find the parent component that defines it and wrap that definition in useCallback  react-hooks/exhaustive-deps

src/components/KnowledgeGraph.js
  Line 162:6:  React Hook useEffect has a missing dependency: 'getMedicationsFromEvents'. Either include it or remove the dependency array                 react-hooks/exhaustive-deps
  Line 304:6:  React Hook useEffect has missing dependencies: 'showLinkTooltip' and 'showNodeTooltip'. Either include them or remove the dependency array  react-hooks/exhaustive-deps

webpack compiled with 1 warning
Compiling...
Compiled with warnings.

[eslint] 
src/App.js
  Line 33:6:  React Hook useEffect has a missing dependency: 'fetchEvents'. Either include it or remove the dependency array  react-hooks/exhaustive-deps

src/components/Filter.js
  Line 36:6:  React Hook useEffect has a missing dependency: 'onFilterChange'. Either include it or remove the dependency array. If 'onFilterChange' changes too often, find the parent component that defines it and wrap that definition in useCallback  react-hooks/exhaustive-deps

src/components/KnowledgeGraph.js
  Line 162:6:  React Hook useEffect has a missing dependency: 'getMedicationsFromEvents'. Either include it or remove the dependency array                 react-hooks/exhaustive-deps
  Line 304:6:  React Hook useEffect has missing dependencies: 'showLinkTooltip' and 'showNodeTooltip'. Either include them or remove the dependency array  react-hooks/exhaustive-deps

Search for the keywords to learn more about each warning.
To ignore, add // eslint-disable-next-line to the line before.

WARNING in [eslint] 
src/App.js
  Line 33:6:  React Hook useEffect has a missing dependency: 'fetchEvents'. Either include it or remove the dependency array  react-hooks/exhaustive-deps

src/components/Filter.js
  Line 36:6:  React Hook useEffect has a missing dependency: 'onFilterChange'. Either include it or remove the dependency array. If 'onFilterChange' changes too often, find the parent component that defines it and wrap that definition in useCallback  react-hooks/exhaustive-deps

src/components/KnowledgeGraph.js
  Line 162:6:  React Hook useEffect has a missing dependency: 'getMedicationsFromEvents'. Either include it or remove the dependency array                 react-hooks/exhaustive-deps
  Line 304:6:  React Hook useEffect has missing dependencies: 'showLinkTooltip' and 'showNodeTooltip'. Either include them or remove the dependency array  react-hooks/exhaustive-deps

webpack compiled with 1 warning
Compiling...
Compiled with warnings.

[eslint] 
src/App.js
  Line 33:6:  React Hook useEffect has a missing dependency: 'fetchEvents'. Either include it or remove the dependency array  react-hooks/exhaustive-deps

src/components/Filter.js
  Line 36:6:  React Hook useEffect has a missing dependency: 'onFilterChange'. Either include it or remove the dependency array. If 'onFilterChange' changes too often, find the parent component that defines it and wrap that definition in useCallback  react-hooks/exhaustive-deps

src/components/KnowledgeGraph.js
  Line 174:6:  React Hook useEffect has a missing dependency: 'getMedicationsFromEvents'. Either include it or remove the dependency array                                                           react-hooks/exhaustive-deps
  Line 350:6:  React Hook useEffect has missing dependencies: 'getFilteredGraphData', 'getNodeRadius', 'showLinkTooltip', and 'showNodeTooltip'. Either include them or remove the dependency array  react-hooks/exhaustive-deps

Search for the keywords to learn more about each warning.
To ignore, add // eslint-disable-next-line to the line before.

WARNING in [eslint] 
src/App.js
  Line 33:6:  React Hook useEffect has a missing dependency: 'fetchEvents'. Either include it or remove the dependency array  react-hooks/exhaustive-deps

src/components/Filter.js
  Line 36:6:  React Hook useEffect has a missing dependency: 'onFilterChange'. Either include it or remove the dependency array. If 'onFilterChange' changes too often, find the parent component that defines it and wrap that definition in useCallback  react-hooks/exhaustive-deps

src/components/KnowledgeGraph.js
  Line 174:6:  React Hook useEffect has a missing dependency: 'getMedicationsFromEvents'. Either include it or remove the dependency array                                                           react-hooks/exhaustive-deps
  Line 350:6:  React Hook useEffect has missing dependencies: 'getFilteredGraphData', 'getNodeRadius', 'showLinkTooltip', and 'showNodeTooltip'. Either include them or remove the dependency array  react-hooks/exhaustive-deps

webpack compiled with 1 warning
Compiling...
Compiled with warnings.

[eslint] 
src/App.js
  Line 33:6:  React Hook useEffect has a missing dependency: 'fetchEvents'. Either include it or remove the dependency array  react-hooks/exhaustive-deps

src/components/Filter.js
  Line 36:6:  React Hook useEffect has a missing dependency: 'onFilterChange'. Either include it or remove the dependency array. If 'onFilterChange' changes too often, find the parent component that defines it and wrap that definition in useCallback  react-hooks/exhaustive-deps

src/components/KnowledgeGraph.js
  Line 174:6:  React Hook useEffect has a missing dependency: 'getMedicationsFromEvents'. Either include it or remove the dependency array                                                           react-hooks/exhaustive-deps
  Line 350:6:  React Hook useEffect has missing dependencies: 'getFilteredGraphData', 'getNodeRadius', 'showLinkTooltip', and 'showNodeTooltip'. Either include them or remove the dependency array  react-hooks/exhaustive-deps

Search for the keywords to learn more about each warning.
To ignore, add // eslint-disable-next-line to the line before.

WARNING in [eslint] 
src/App.js
  Line 33:6:  React Hook useEffect has a missing dependency: 'fetchEvents'. Either include it or remove the dependency array  react-hooks/exhaustive-deps

src/components/Filter.js
  Line 36:6:  React Hook useEffect has a missing dependency: 'onFilterChange'. Either include it or remove the dependency array. If 'onFilterChange' changes too often, find the parent component that defines it and wrap that definition in useCallback  react-hooks/exhaustive-deps

src/components/KnowledgeGraph.js
  Line 174:6:  React Hook useEffect has a missing dependency: 'getMedicationsFromEvents'. Either include it or remove the dependency array                                                           react-hooks/exhaustive-deps
  Line 350:6:  React Hook useEffect has missing dependencies: 'getFilteredGraphData', 'getNodeRadius', 'showLinkTooltip', and 'showNodeTooltip'. Either include them or remove the dependency array  react-hooks/exhaustive-deps

webpack compiled with 1 warning
Compiling...
Compiled with warnings.

[eslint] 
src/App.js
  Line 33:6:  React Hook useEffect has a missing dependency: 'fetchEvents'. Either include it or remove the dependency array  react-hooks/exhaustive-deps

src/components/Filter.js
  Line 36:6:  React Hook useEffect has a missing dependency: 'onFilterChange'. Either include it or remove the dependency array. If 'onFilterChange' changes too often, find the parent component that defines it and wrap that definition in useCallback  react-hooks/exhaustive-deps

src/components/KnowledgeGraph.js
  Line 174:6:  React Hook useEffect has a missing dependency: 'getMedicationsFromEvents'. Either include it or remove the dependency array                                                           react-hooks/exhaustive-deps
  Line 350:6:  React Hook useEffect has missing dependencies: 'getFilteredGraphData', 'getNodeRadius', 'showLinkTooltip', and 'showNodeTooltip'. Either include them or remove the dependency array  react-hooks/exhaustive-deps

Search for the keywords to learn more about each warning.
To ignore, add // eslint-disable-next-line to the line before.

WARNING in [eslint] 
src/App.js
  Line 33:6:  React Hook useEffect has a missing dependency: 'fetchEvents'. Either include it or remove the dependency array  react-hooks/exhaustive-deps

src/components/Filter.js
  Line 36:6:  React Hook useEffect has a missing dependency: 'onFilterChange'. Either include it or remove the dependency array. If 'onFilterChange' changes too often, find the parent component that defines it and wrap that definition in useCallback  react-hooks/exhaustive-deps

src/components/KnowledgeGraph.js
  Line 174:6:  React Hook useEffect has a missing dependency: 'getMedicationsFromEvents'. Either include it or remove the dependency array                                                           react-hooks/exhaustive-deps
  Line 350:6:  React Hook useEffect has missing dependencies: 'getFilteredGraphData', 'getNodeRadius', 'showLinkTooltip', and 'showNodeTooltip'. Either include them or remove the dependency array  react-hooks/exhaustive-deps

webpack compiled with 1 warning
Compiling...
Compiled with warnings.

[eslint] 
src/App.js
  Line 33:6:  React Hook useEffect has a missing dependency: 'fetchEvents'. Either include it or remove the dependency array  react-hooks/exhaustive-deps

src/components/Filter.js
  Line 36:6:  React Hook useEffect has a missing dependency: 'onFilterChange'. Either include it or remove the dependency array. If 'onFilterChange' changes too often, find the parent component that defines it and wrap that definition in useCallback  react-hooks/exhaustive-deps

src/components/KnowledgeGraph.js
  Line 162:6:  React Hook useEffect has a missing dependency: 'getMedicationsFromEvents'. Either include it or remove the dependency array                 react-hooks/exhaustive-deps
  Line 304:6:  React Hook useEffect has missing dependencies: 'showLinkTooltip' and 'showNodeTooltip'. Either include them or remove the dependency array  react-hooks/exhaustive-deps

Search for the keywords to learn more about each warning.
To ignore, add // eslint-disable-next-line to the line before.

WARNING in [eslint] 
src/App.js
  Line 33:6:  React Hook useEffect has a missing dependency: 'fetchEvents'. Either include it or remove the dependency array  react-hooks/exhaustive-deps

src/components/Filter.js
  Line 36:6:  React Hook useEffect has a missing dependency: 'onFilterChange'. Either include it or remove the dependency array. If 'onFilterChange' changes too often, find the parent component that defines it and wrap that definition in useCallback  react-hooks/exhaustive-deps

src/components/KnowledgeGraph.js
  Line 162:6:  React Hook useEffect has a missing dependency: 'getMedicationsFromEvents'. Either include it or remove the dependency array                 react-hooks/exhaustive-deps
  Line 304:6:  React Hook useEffect has missing dependencies: 'showLinkTooltip' and 'showNodeTooltip'. Either include them or remove the dependency array  react-hooks/exhaustive-deps

webpack compiled with 1 warning
Compiling...
Compiled with warnings.

[eslint] 
src/App.js
  Line 33:6:  React Hook useEffect has a missing dependency: 'fetchEvents'. Either include it or remove the dependency array  react-hooks/exhaustive-deps

src/components/Filter.js
  Line 36:6:  React Hook useEffect has a missing dependency: 'onFilterChange'. Either include it or remove the dependency array. If 'onFilterChange' changes too often, find the parent component that defines it and wrap that definition in useCallback  react-hooks/exhaustive-deps

src/components/KnowledgeGraph.js
  Line 162:6:  React Hook useEffect has a missing dependency: 'getMedicationsFromEvents'. Either include it or remove the dependency array                 react-hooks/exhaustive-deps
  Line 304:6:  React Hook useEffect has missing dependencies: 'showLinkTooltip' and 'showNodeTooltip'. Either include them or remove the dependency array  react-hooks/exhaustive-deps

Search for the keywords to learn more about each warning.
To ignore, add // eslint-disable-next-line to the line before.

WARNING in [eslint] 
src/App.js
  Line 33:6:  React Hook useEffect has a missing dependency: 'fetchEvents'. Either include it or remove the dependency array  react-hooks/exhaustive-deps

src/components/Filter.js
  Line 36:6:  React Hook useEffect has a missing dependency: 'onFilterChange'. Either include it or remove the dependency array. If 'onFilterChange' changes too often, find the parent component that defines it and wrap that definition in useCallback  react-hooks/exhaustive-deps

src/components/KnowledgeGraph.js
  Line 162:6:  React Hook useEffect has a missing dependency: 'getMedicationsFromEvents'. Either include it or remove the dependency array                 react-hooks/exhaustive-deps
  Line 304:6:  React Hook useEffect has missing dependencies: 'showLinkTooltip' and 'showNodeTooltip'. Either include them or remove the dependency array  react-hooks/exhaustive-deps

webpack compiled with 1 warning
Compiling...
Compiled with warnings.

[eslint] 
src/App.js
  Line 33:6:  React Hook useEffect has a missing dependency: 'fetchEvents'. Either include it or remove the dependency array  react-hooks/exhaustive-deps

src/components/Filter.js
  Line 36:6:  React Hook useEffect has a missing dependency: 'onFilterChange'. Either include it or remove the dependency array. If 'onFilterChange' changes too often, find the parent component that defines it and wrap that definition in useCallback  react-hooks/exhaustive-deps

src/components/KnowledgeGraph.js
  Line 170:6:  React Hook useEffect has a missing dependency: 'getMedicationsFromEvents'. Either include it or remove the dependency array                                   react-hooks/exhaustive-deps
  Line 325:6:  React Hook useEffect has missing dependencies: 'getNodeRadius', 'showLinkTooltip', and 'showNodeTooltip'. Either include them or remove the dependency array  react-hooks/exhaustive-deps

Search for the keywords to learn more about each warning.
To ignore, add // eslint-disable-next-line to the line before.

WARNING in [eslint] 
src/App.js
  Line 33:6:  React Hook useEffect has a missing dependency: 'fetchEvents'. Either include it or remove the dependency array  react-hooks/exhaustive-deps

src/components/Filter.js
  Line 36:6:  React Hook useEffect has a missing dependency: 'onFilterChange'. Either include it or remove the dependency array. If 'onFilterChange' changes too often, find the parent component that defines it and wrap that definition in useCallback  react-hooks/exhaustive-deps

src/components/KnowledgeGraph.js
  Line 170:6:  React Hook useEffect has a missing dependency: 'getMedicationsFromEvents'. Either include it or remove the dependency array                                   react-hooks/exhaustive-deps
  Line 325:6:  React Hook useEffect has missing dependencies: 'getNodeRadius', 'showLinkTooltip', and 'showNodeTooltip'. Either include them or remove the dependency array  react-hooks/exhaustive-deps

webpack compiled with 1 warning
Compiling...
Compiled with warnings.

[eslint] 
src/App.js
  Line 33:6:  React Hook useEffect has a missing dependency: 'fetchEvents'. Either include it or remove the dependency array  react-hooks/exhaustive-deps

src/components/Filter.js
  Line 36:6:  React Hook useEffect has a missing dependency: 'onFilterChange'. Either include it or remove the dependency array. If 'onFilterChange' changes too often, find the parent component that defines it and wrap that definition in useCallback  react-hooks/exhaustive-deps

src/components/KnowledgeGraph.js
  Line 170:6:  React Hook useEffect has a missing dependency: 'getMedicationsFromEvents'. Either include it or remove the dependency array                                   react-hooks/exhaustive-deps
  Line 325:6:  React Hook useEffect has missing dependencies: 'getNodeRadius', 'showLinkTooltip', and 'showNodeTooltip'. Either include them or remove the dependency array  react-hooks/exhaustive-deps

Search for the keywords to learn more about each warning.
To ignore, add // eslint-disable-next-line to the line before.

WARNING in [eslint] 
src/App.js
  Line 33:6:  React Hook useEffect has a missing dependency: 'fetchEvents'. Either include it or remove the dependency array  react-hooks/exhaustive-deps

src/components/Filter.js
  Line 36:6:  React Hook useEffect has a missing dependency: 'onFilterChange'. Either include it or remove the dependency array. If 'onFilterChange' changes too often, find the parent component that defines it and wrap that definition in useCallback  react-hooks/exhaustive-deps

src/components/KnowledgeGraph.js
  Line 170:6:  React Hook useEffect has a missing dependency: 'getMedicationsFromEvents'. Either include it or remove the dependency array                                   react-hooks/exhaustive-deps
  Line 325:6:  React Hook useEffect has missing dependencies: 'getNodeRadius', 'showLinkTooltip', and 'showNodeTooltip'. Either include them or remove the dependency array  react-hooks/exhaustive-deps

webpack compiled with 1 warning
Compiling...
Compiled with warnings.

[eslint] 
src/App.js
  Line 33:6:  React Hook useEffect has a missing dependency: 'fetchEvents'. Either include it or remove the dependency array  react-hooks/exhaustive-deps

src/components/Filter.js
  Line 36:6:  React Hook useEffect has a missing dependency: 'onFilterChange'. Either include it or remove the dependency array. If 'onFilterChange' changes too often, find the parent component that defines it and wrap that definition in useCallback  react-hooks/exhaustive-deps

src/components/KnowledgeGraph.js
  Line 170:6:  React Hook useEffect has a missing dependency: 'getMedicationsFromEvents'. Either include it or remove the dependency array                                   react-hooks/exhaustive-deps
  Line 325:6:  React Hook useEffect has missing dependencies: 'getNodeRadius', 'showLinkTooltip', and 'showNodeTooltip'. Either include them or remove the dependency array  react-hooks/exhaustive-deps

Search for the keywords to learn more about each warning.
To ignore, add // eslint-disable-next-line to the line before.

WARNING in [eslint] 
src/App.js
  Line 33:6:  React Hook useEffect has a missing dependency: 'fetchEvents'. Either include it or remove the dependency array  react-hooks/exhaustive-deps

src/components/Filter.js
  Line 36:6:  React Hook useEffect has a missing dependency: 'onFilterChange'. Either include it or remove the dependency array. If 'onFilterChange' changes too often, find the parent component that defines it and wrap that definition in useCallback  react-hooks/exhaustive-deps

src/components/KnowledgeGraph.js
  Line 170:6:  React Hook useEffect has a missing dependency: 'getMedicationsFromEvents'. Either include it or remove the dependency array                                   react-hooks/exhaustive-deps
  Line 325:6:  React Hook useEffect has missing dependencies: 'getNodeRadius', 'showLinkTooltip', and 'showNodeTooltip'. Either include them or remove the dependency array  react-hooks/exhaustive-deps

webpack compiled with 1 warning
Compiling...
Compiled with warnings.

[eslint] 
src/App.js
  Line 33:6:  React Hook useEffect has a missing dependency: 'fetchEvents'. Either include it or remove the dependency array  react-hooks/exhaustive-deps

src/components/Filter.js
  Line 36:6:  React Hook useEffect has a missing dependency: 'onFilterChange'. Either include it or remove the dependency array. If 'onFilterChange' changes too often, find the parent component that defines it and wrap that definition in useCallback  react-hooks/exhaustive-deps

src/components/KnowledgeGraph.js
  Line 162:6:  React Hook useEffect has a missing dependency: 'getMedicationsFromEvents'. Either include it or remove the dependency array                 react-hooks/exhaustive-deps
  Line 304:6:  React Hook useEffect has missing dependencies: 'showLinkTooltip' and 'showNodeTooltip'. Either include them or remove the dependency array  react-hooks/exhaustive-deps

Search for the keywords to learn more about each warning.
To ignore, add // eslint-disable-next-line to the line before.

WARNING in [eslint] 
src/App.js
  Line 33:6:  React Hook useEffect has a missing dependency: 'fetchEvents'. Either include it or remove the dependency array  react-hooks/exhaustive-deps

src/components/Filter.js
  Line 36:6:  React Hook useEffect has a missing dependency: 'onFilterChange'. Either include it or remove the dependency array. If 'onFilterChange' changes too often, find the parent component that defines it and wrap that definition in useCallback  react-hooks/exhaustive-deps

src/components/KnowledgeGraph.js
  Line 162:6:  React Hook useEffect has a missing dependency: 'getMedicationsFromEvents'. Either include it or remove the dependency array                 react-hooks/exhaustive-deps
  Line 304:6:  React Hook useEffect has missing dependencies: 'showLinkTooltip' and 'showNodeTooltip'. Either include them or remove the dependency array  react-hooks/exhaustive-deps

webpack compiled with 1 warning
Compiling...
Compiled with warnings.

[eslint] 
src/App.js
  Line 33:6:  React Hook useEffect has a missing dependency: 'fetchEvents'. Either include it or remove the dependency array  react-hooks/exhaustive-deps

src/components/Filter.js
  Line 36:6:  React Hook useEffect has a missing dependency: 'onFilterChange'. Either include it or remove the dependency array. If 'onFilterChange' changes too often, find the parent component that defines it and wrap that definition in useCallback  react-hooks/exhaustive-deps

src/components/KnowledgeGraph.js
  Line 162:6:  React Hook useEffect has a missing dependency: 'getMedicationsFromEvents'. Either include it or remove the dependency array                 react-hooks/exhaustive-deps
  Line 304:6:  React Hook useEffect has missing dependencies: 'showLinkTooltip' and 'showNodeTooltip'. Either include them or remove the dependency array  react-hooks/exhaustive-deps

Search for the keywords to learn more about each warning.
To ignore, add // eslint-disable-next-line to the line before.

WARNING in [eslint] 
src/App.js
  Line 33:6:  React Hook useEffect has a missing dependency: 'fetchEvents'. Either include it or remove the dependency array  react-hooks/exhaustive-deps

src/components/Filter.js
  Line 36:6:  React Hook useEffect has a missing dependency: 'onFilterChange'. Either include it or remove the dependency array. If 'onFilterChange' changes too often, find the parent component that defines it and wrap that definition in useCallback  react-hooks/exhaustive-deps

src/components/KnowledgeGraph.js
  Line 162:6:  React Hook useEffect has a missing dependency: 'getMedicationsFromEvents'. Either include it or remove the dependency array                 react-hooks/exhaustive-deps
  Line 304:6:  React Hook useEffect has missing dependencies: 'showLinkTooltip' and 'showNodeTooltip'. Either include them or remove the dependency array  react-hooks/exhaustive-deps

webpack compiled with 1 warning
Compiling...
Compiled with warnings.

[eslint] 
src/App.js
  Line 33:6:  React Hook useEffect has a missing dependency: 'fetchEvents'. Either include it or remove the dependency array  react-hooks/exhaustive-deps

src/components/Filter.js
  Line 36:6:  React Hook useEffect has a missing dependency: 'onFilterChange'. Either include it or remove the dependency array. If 'onFilterChange' changes too often, find the parent component that defines it and wrap that definition in useCallback  react-hooks/exhaustive-deps

src/components/KnowledgeGraph.js
  Line 162:6:  React Hook useEffect has a missing dependency: 'getMedicationsFromEvents'. Either include it or remove the dependency array                 react-hooks/exhaustive-deps
  Line 304:6:  React Hook useEffect has missing dependencies: 'showLinkTooltip' and 'showNodeTooltip'. Either include them or remove the dependency array  react-hooks/exhaustive-deps

Search for the keywords to learn more about each warning.
To ignore, add // eslint-disable-next-line to the line before.

WARNING in [eslint] 
src/App.js
  Line 33:6:  React Hook useEffect has a missing dependency: 'fetchEvents'. Either include it or remove the dependency array  react-hooks/exhaustive-deps

src/components/Filter.js
  Line 36:6:  React Hook useEffect has a missing dependency: 'onFilterChange'. Either include it or remove the dependency array. If 'onFilterChange' changes too often, find the parent component that defines it and wrap that definition in useCallback  react-hooks/exhaustive-deps

src/components/KnowledgeGraph.js
  Line 162:6:  React Hook useEffect has a missing dependency: 'getMedicationsFromEvents'. Either include it or remove the dependency array                 react-hooks/exhaustive-deps
  Line 304:6:  React Hook useEffect has missing dependencies: 'showLinkTooltip' and 'showNodeTooltip'. Either include them or remove the dependency array  react-hooks/exhaustive-deps

webpack compiled with 1 warning
Compiling...
Compiled with warnings.

[eslint] 
src/App.js
  Line 33:6:  React Hook useEffect has a missing dependency: 'fetchEvents'. Either include it or remove the dependency array  react-hooks/exhaustive-deps

src/components/Filter.js
  Line 36:6:  React Hook useEffect has a missing dependency: 'onFilterChange'. Either include it or remove the dependency array. If 'onFilterChange' changes too often, find the parent component that defines it and wrap that definition in useCallback  react-hooks/exhaustive-deps

src/components/KnowledgeGraph.js
  Line 162:6:  React Hook useEffect has a missing dependency: 'getMedicationsFromEvents'. Either include it or remove the dependency array                 react-hooks/exhaustive-deps
  Line 304:6:  React Hook useEffect has missing dependencies: 'showLinkTooltip' and 'showNodeTooltip'. Either include them or remove the dependency array  react-hooks/exhaustive-deps

Search for the keywords to learn more about each warning.
To ignore, add // eslint-disable-next-line to the line before.

WARNING in [eslint] 
src/App.js
  Line 33:6:  React Hook useEffect has a missing dependency: 'fetchEvents'. Either include it or remove the dependency array  react-hooks/exhaustive-deps

src/components/Filter.js
  Line 36:6:  React Hook useEffect has a missing dependency: 'onFilterChange'. Either include it or remove the dependency array. If 'onFilterChange' changes too often, find the parent component that defines it and wrap that definition in useCallback  react-hooks/exhaustive-deps

src/components/KnowledgeGraph.js
  Line 162:6:  React Hook useEffect has a missing dependency: 'getMedicationsFromEvents'. Either include it or remove the dependency array                 react-hooks/exhaustive-deps
  Line 304:6:  React Hook useEffect has missing dependencies: 'showLinkTooltip' and 'showNodeTooltip'. Either include them or remove the dependency array  react-hooks/exhaustive-deps

webpack compiled with 1 warning
Compiling...
Compiled with warnings.

[eslint] 
src/App.js
  Line 33:6:  React Hook useEffect has a missing dependency: 'fetchEvents'. Either include it or remove the dependency array  react-hooks/exhaustive-deps

src/components/Filter.js
  Line 36:6:  React Hook useEffect has a missing dependency: 'onFilterChange'. Either include it or remove the dependency array. If 'onFilterChange' changes too often, find the parent component that defines it and wrap that definition in useCallback  react-hooks/exhaustive-deps

src/components/KnowledgeGraph.js
  Line 162:6:  React Hook useEffect has a missing dependency: 'getMedicationsFromEvents'. Either include it or remove the dependency array                 react-hooks/exhaustive-deps
  Line 304:6:  React Hook useEffect has missing dependencies: 'showLinkTooltip' and 'showNodeTooltip'. Either include them or remove the dependency array  react-hooks/exhaustive-deps

Search for the keywords to learn more about each warning.
To ignore, add // eslint-disable-next-line to the line before.

WARNING in [eslint] 
src/App.js
  Line 33:6:  React Hook useEffect has a missing dependency: 'fetchEvents'. Either include it or remove the dependency array  react-hooks/exhaustive-deps

src/components/Filter.js
  Line 36:6:  React Hook useEffect has a missing dependency: 'onFilterChange'. Either include it or remove the dependency array. If 'onFilterChange' changes too often, find the parent component that defines it and wrap that definition in useCallback  react-hooks/exhaustive-deps

src/components/KnowledgeGraph.js
  Line 162:6:  React Hook useEffect has a missing dependency: 'getMedicationsFromEvents'. Either include it or remove the dependency array                 react-hooks/exhaustive-deps
  Line 304:6:  React Hook useEffect has missing dependencies: 'showLinkTooltip' and 'showNodeTooltip'. Either include them or remove the dependency array  react-hooks/exhaustive-deps

webpack compiled with 1 warning
Compiling...
Compiled with warnings.

[eslint] 
src/App.js
  Line 33:6:  React Hook useEffect has a missing dependency: 'fetchEvents'. Either include it or remove the dependency array  react-hooks/exhaustive-deps

src/components/Filter.js
  Line 36:6:  React Hook useEffect has a missing dependency: 'onFilterChange'. Either include it or remove the dependency array. If 'onFilterChange' changes too often, find the parent component that defines it and wrap that definition in useCallback  react-hooks/exhaustive-deps

src/components/KnowledgeGraph.js
  Line 162:6:  React Hook useEffect has a missing dependency: 'getMedicationsFromEvents'. Either include it or remove the dependency array                 react-hooks/exhaustive-deps
  Line 304:6:  React Hook useEffect has missing dependencies: 'showLinkTooltip' and 'showNodeTooltip'. Either include them or remove the dependency array  react-hooks/exhaustive-deps

Search for the keywords to learn more about each warning.
To ignore, add // eslint-disable-next-line to the line before.

WARNING in [eslint] 
src/App.js
  Line 33:6:  React Hook useEffect has a missing dependency: 'fetchEvents'. Either include it or remove the dependency array  react-hooks/exhaustive-deps

src/components/Filter.js
  Line 36:6:  React Hook useEffect has a missing dependency: 'onFilterChange'. Either include it or remove the dependency array. If 'onFilterChange' changes too often, find the parent component that defines it and wrap that definition in useCallback  react-hooks/exhaustive-deps

src/components/KnowledgeGraph.js
  Line 162:6:  React Hook useEffect has a missing dependency: 'getMedicationsFromEvents'. Either include it or remove the dependency array                 react-hooks/exhaustive-deps
  Line 304:6:  React Hook useEffect has missing dependencies: 'showLinkTooltip' and 'showNodeTooltip'. Either include them or remove the dependency array  react-hooks/exhaustive-deps

webpack compiled with 1 warning
Compiling...
Compiled with warnings.

[eslint] 
src/App.js
  Line 33:6:  React Hook useEffect has a missing dependency: 'fetchEvents'. Either include it or remove the dependency array  react-hooks/exhaustive-deps

src/components/Filter.js
  Line 36:6:  React Hook useEffect has a missing dependency: 'onFilterChange'. Either include it or remove the dependency array. If 'onFilterChange' changes too often, find the parent component that defines it and wrap that definition in useCallback  react-hooks/exhaustive-deps

src/components/KnowledgeGraph.js
  Line 162:6:  React Hook useEffect has a missing dependency: 'getMedicationsFromEvents'. Either include it or remove the dependency array                 react-hooks/exhaustive-deps
  Line 304:6:  React Hook useEffect has missing dependencies: 'showLinkTooltip' and 'showNodeTooltip'. Either include them or remove the dependency array  react-hooks/exhaustive-deps

Search for the keywords to learn more about each warning.
To ignore, add // eslint-disable-next-line to the line before.

WARNING in [eslint] 
src/App.js
  Line 33:6:  React Hook useEffect has a missing dependency: 'fetchEvents'. Either include it or remove the dependency array  react-hooks/exhaustive-deps

src/components/Filter.js
  Line 36:6:  React Hook useEffect has a missing dependency: 'onFilterChange'. Either include it or remove the dependency array. If 'onFilterChange' changes too often, find the parent component that defines it and wrap that definition in useCallback  react-hooks/exhaustive-deps

src/components/KnowledgeGraph.js
  Line 162:6:  React Hook useEffect has a missing dependency: 'getMedicationsFromEvents'. Either include it or remove the dependency array                 react-hooks/exhaustive-deps
  Line 304:6:  React Hook useEffect has missing dependencies: 'showLinkTooltip' and 'showNodeTooltip'. Either include them or remove the dependency array  react-hooks/exhaustive-deps

webpack compiled with 1 warning
Compiling...
Compiled with warnings.

[eslint] 
src/App.js
  Line 33:6:  React Hook useEffect has a missing dependency: 'fetchEvents'. Either include it or remove the dependency array  react-hooks/exhaustive-deps

src/components/Filter.js
  Line 36:6:  React Hook useEffect has a missing dependency: 'onFilterChange'. Either include it or remove the dependency array. If 'onFilterChange' changes too often, find the parent component that defines it and wrap that definition in useCallback  react-hooks/exhaustive-deps

src/components/KnowledgeGraph.js
  Line 162:6:  React Hook useEffect has a missing dependency: 'getMedicationsFromEvents'. Either include it or remove the dependency array                 react-hooks/exhaustive-deps
  Line 304:6:  React Hook useEffect has missing dependencies: 'showLinkTooltip' and 'showNodeTooltip'. Either include them or remove the dependency array  react-hooks/exhaustive-deps

Search for the keywords to learn more about each warning.
To ignore, add // eslint-disable-next-line to the line before.

WARNING in [eslint] 
src/App.js
  Line 33:6:  React Hook useEffect has a missing dependency: 'fetchEvents'. Either include it or remove the dependency array  react-hooks/exhaustive-deps

src/components/Filter.js
  Line 36:6:  React Hook useEffect has a missing dependency: 'onFilterChange'. Either include it or remove the dependency array. If 'onFilterChange' changes too often, find the parent component that defines it and wrap that definition in useCallback  react-hooks/exhaustive-deps

src/components/KnowledgeGraph.js
  Line 162:6:  React Hook useEffect has a missing dependency: 'getMedicationsFromEvents'. Either include it or remove the dependency array                 react-hooks/exhaustive-deps
  Line 304:6:  React Hook useEffect has missing dependencies: 'showLinkTooltip' and 'showNodeTooltip'. Either include them or remove the dependency array  react-hooks/exhaustive-deps

webpack compiled with 1 warning
Compiling...
Compiled with warnings.

[eslint] 
src/App.js
  Line 33:6:  React Hook useEffect has a missing dependency: 'fetchEvents'. Either include it or remove the dependency array  react-hooks/exhaustive-deps

src/components/Filter.js
  Line 36:6:  React Hook useEffect has a missing dependency: 'onFilterChange'. Either include it or remove the dependency array. If 'onFilterChange' changes too often, find the parent component that defines it and wrap that definition in useCallback  react-hooks/exhaustive-deps

src/components/KnowledgeGraph.js
  Line 162:6:  React Hook useEffect has a missing dependency: 'getMedicationsFromEvents'. Either include it or remove the dependency array                 react-hooks/exhaustive-deps
  Line 304:6:  React Hook useEffect has missing dependencies: 'showLinkTooltip' and 'showNodeTooltip'. Either include them or remove the dependency array  react-hooks/exhaustive-deps

Search for the keywords to learn more about each warning.
To ignore, add // eslint-disable-next-line to the line before.

WARNING in [eslint] 
src/App.js
  Line 33:6:  React Hook useEffect has a missing dependency: 'fetchEvents'. Either include it or remove the dependency array  react-hooks/exhaustive-deps

src/components/Filter.js
  Line 36:6:  React Hook useEffect has a missing dependency: 'onFilterChange'. Either include it or remove the dependency array. If 'onFilterChange' changes too often, find the parent component that defines it and wrap that definition in useCallback  react-hooks/exhaustive-deps

src/components/KnowledgeGraph.js
  Line 162:6:  React Hook useEffect has a missing dependency: 'getMedicationsFromEvents'. Either include it or remove the dependency array                 react-hooks/exhaustive-deps
  Line 304:6:  React Hook useEffect has missing dependencies: 'showLinkTooltip' and 'showNodeTooltip'. Either include them or remove the dependency array  react-hooks/exhaustive-deps

webpack compiled with 1 warning
Compiling...
Compiled with warnings.

[eslint] 
src/App.js
  Line 33:6:  React Hook useEffect has a missing dependency: 'fetchEvents'. Either include it or remove the dependency array  react-hooks/exhaustive-deps

src/components/Filter.js
  Line 36:6:  React Hook useEffect has a missing dependency: 'onFilterChange'. Either include it or remove the dependency array. If 'onFilterChange' changes too often, find the parent component that defines it and wrap that definition in useCallback  react-hooks/exhaustive-deps

src/components/KnowledgeGraph.js
  Line 162:6:  React Hook useEffect has a missing dependency: 'getMedicationsFromEvents'. Either include it or remove the dependency array                 react-hooks/exhaustive-deps
  Line 304:6:  React Hook useEffect has missing dependencies: 'showLinkTooltip' and 'showNodeTooltip'. Either include them or remove the dependency array  react-hooks/exhaustive-deps

Search for the keywords to learn more about each warning.
To ignore, add // eslint-disable-next-line to the line before.

WARNING in [eslint] 
src/App.js
  Line 33:6:  React Hook useEffect has a missing dependency: 'fetchEvents'. Either include it or remove the dependency array  react-hooks/exhaustive-deps

src/components/Filter.js
  Line 36:6:  React Hook useEffect has a missing dependency: 'onFilterChange'. Either include it or remove the dependency array. If 'onFilterChange' changes too often, find the parent component that defines it and wrap that definition in useCallback  react-hooks/exhaustive-deps

src/components/KnowledgeGraph.js
  Line 162:6:  React Hook useEffect has a missing dependency: 'getMedicationsFromEvents'. Either include it or remove the dependency array                 react-hooks/exhaustive-deps
  Line 304:6:  React Hook useEffect has missing dependencies: 'showLinkTooltip' and 'showNodeTooltip'. Either include them or remove the dependency array  react-hooks/exhaustive-deps

webpack compiled with 1 warning
